{"stats":{"minecraft:used":{"minecraft:birch_planks":7,"minecraft:stone_pickaxe":209,"minecraft:oak_planks":16,"minecraft:chest":4,"minecraft:iron_sword":3,"minecraft:wooden_shovel":43,"minecraft:dirt":27,"minecraft:crafting_table":2,"minecraft:white_bed":3,"minecraft:apple":4,"minecraft:iron_axe":91,"minecraft:bread":13,"minecraft:iron_pickaxe":3,"minecraft:stone_axe":50,"minecraft:furnace":1,"minecraft:porkchop":1},"minecraft:killed":{"minecraft:pig":1,"minecraft:iron_golem":1,"minecraft:sheep":4,"minecraft:skeleton":2,"minecraft:zombie":11,"minecraft:cow":1},"minecraft:killed_by":{"minecraft:creeper":1,"minecraft:iron_golem":1},"minecraft:picked_up":{"minecraft:wooden_axe":5,"minecraft:magma_block":1,"minecraft:iron_chestplate":2,"minecraft:crafting_table":8,"minecraft:feather":22,"minecraft:clock":2,"minecraft:golden_carrot":1,"minecraft:leather":4,"minecraft:brown_mushroom":17,"minecraft:wooden_pickaxe":6,"minecraft:red_mushroom":8,"minecraft:birch_planks":123,"minecraft:flint":6,"minecraft:oak_log":57,"minecraft:yellow_bed":3,"minecraft:gunpowder":2,"minecraft:map":2,"minecraft:lapis_lazuli":33,"minecraft:string":2,"minecraft:dirt":94,"minecraft:smooth_stone_slab":4,"minecraft:iron_axe":3,"minecraft:flint_and_steel":2,"minecraft:iron_leggings":2,"minecraft:bone":3,"minecraft:apple":15,"minecraft:kelp":2,"minecraft:wheat_seeds":27,"minecraft:gold_nugget":40,"minecraft:cobbled_deepslate":1,"minecraft:beef":1,"minecraft:stone_pickaxe":7,"minecraft:iron_ingot":3,"minecraft:oak_boat":3,"minecraft:poppy":2,"minecraft:iron_nugget":4,"minecraft:iron_pickaxe":2,"minecraft:lectern":1,"minecraft:sugar_cane":1,"minecraft:chest":3,"minecraft:iron_sword":2,"minecraft:oak_planks":28,"minecraft:iron_boots":2,"minecraft:book":14,"minecraft:stick":30,"minecraft:raw_iron":33,"minecraft:birch_boat":1,"minecraft:porkchop":19,"minecraft:diorite":1,"minecraft:white_bed":2,"minecraft:carrot":26,"minecraft:arrow":2,"minecraft:stone_sword":1,"minecraft:rotten_flesh":25,"minecraft:stone_shovel":5,"minecraft:diamond":4,"minecraft:beetroot_seeds":2,"minecraft:stone_axe":11,"minecraft:hay_block":20,"minecraft:iron_helmet":2,"minecraft:bread":14,"minecraft:oak_sapling":40,"minecraft:mutton":10,"minecraft:obsidian":2,"minecraft:coal":128,"minecraft:cobblestone":127,"minecraft:white_wool":11},"minecraft:custom":{"minecraft:interact_with_furnace":4,"minecraft:mob_kills":21,"minecraft:interact_with_crafting_table":9,"minecraft:bell_ring":1,"minecraft:leave_game":1,"minecraft:time_since_death":8906,"minecraft:sleep_in_bed":3,"minecraft:time_since_rest":8932,"minecraft:sprint_one_cm":135327,"minecraft:damage_taken":1644,"minecraft:walk_one_cm":91316,"minecraft:drop":11,"minecraft:damage_dealt":3262,"minecraft:swim_one_cm":6021,"minecraft:fly_one_cm":265692,"minecraft:open_chest":16,"minecraft:crouch_one_cm":3935,"minecraft:play_time":46935,"minecraft:deaths":3,"minecraft:sneak_time":1686,"minecraft:walk_under_water_one_cm":1358,"minecraft:boat_one_cm":184553,"minecraft:jump":843,"minecraft:walk_on_water_one_cm":1822,"minecraft:total_world_time":46935,"minecraft:fall_one_cm":35979},"minecraft:dropped":{"minecraft:kelp":1,"minecraft:birch_planks":1,"minecraft:oak_log":3,"minecraft:cobblestone":2,"minecraft:rotten_flesh":3,"minecraft:flint_and_steel":1,"minecraft:poppy":1,"minecraft:dirt":40,"minecraft:oak_sapling":1,"minecraft:map":1},"minecraft:broken":{"minecraft:stone_pickaxe":1},"minecraft:mined":{"minecraft:white_bed":1,"minecraft:deepslate_diamond_ore":2,"minecraft:grass_block":11,"minecraft:chest":1,"minecraft:tall_grass":1,"minecraft:cobblestone":1,"minecraft:lapis_ore":3,"minecraft:oak_planks":8,"minecraft:diorite":1,"minecraft:hay_block":7,"minecraft:birch_planks":5,"minecraft:magma_block":1,"minecraft:iron_ore":28,"minecraft:fire":9,"minecraft:deepslate_lapis_ore":1,"minecraft:yellow_bed":1,"minecraft:deepslate_iron_ore":1,"minecraft:grass":9,"minecraft:oak_log":50,"minecraft:coal_ore":44,"minecraft:dirt_path":4,"minecraft:dirt":37,"minecraft:stone":125,"minecraft:deepslate":1,"minecraft:oak_leaves":20},"minecraft:crafted":{"minecraft:oak_planks":36,"minecraft:wooden_shovel":1,"minecraft:crafting_table":2,"minecraft:furnace":1,"minecraft:bread":21,"minecraft:air":0,"minecraft:stick":4,"minecraft:iron_ingot":5,"minecraft:iron_pickaxe":1,"minecraft:chest":4,"minecraft:white_bed":1,"minecraft:wheat":63}},"DataVersion":3337}