{"stats":{"minecraft:used":{"minecraft:chest":4,"minecraft:iron_sword":3,"minecraft:wooden_shovel":43,"minecraft:dirt":29,"minecraft:mutton":1,"minecraft:iron_axe":152,"minecraft:furnace":1,"minecraft:birch_planks":7,"minecraft:stone_pickaxe":227,"minecraft:oak_planks":16,"minecraft:crafting_table":2,"minecraft:white_bed":3,"minecraft:apple":4,"minecraft:bread":22,"minecraft:iron_pickaxe":83,"minecraft:stone_axe":59,"minecraft:cobblestone":15,"minecraft:porkchop":3},"minecraft:killed":{"minecraft:cave_spider":1,"minecraft:skeleton":5,"minecraft:pig":1,"minecraft:iron_golem":1,"minecraft:bat":7,"minecraft:creeper":3,"minecraft:sheep":4,"minecraft:zombie":23,"minecraft:glow_squid":1,"minecraft:cow":1},"minecraft:killed_by":{"minecraft:creeper":1,"minecraft:iron_golem":1},"minecraft:picked_up":{"minecraft:wooden_axe":5,"minecraft:crafting_table":9,"minecraft:iron_chestplate":2,"minecraft:brown_mushroom":17,"minecraft:wooden_pickaxe":6,"minecraft:string":2,"minecraft:iron_axe":3,"minecraft:flint_and_steel":2,"minecraft:smooth_stone_slab":4,"minecraft:iron_leggings":2,"minecraft:gold_nugget":40,"minecraft:cobbled_deepslate":14,"minecraft:beef":1,"minecraft:oak_boat":3,"minecraft:iron_nugget":4,"minecraft:poppy":2,"minecraft:iron_pickaxe":2,"minecraft:lectern":1,"minecraft:sugar_cane":1,"minecraft:chest":3,"minecraft:iron_boots":2,"minecraft:furnace":1,"minecraft:raw_iron":59,"minecraft:stick":32,"minecraft:porkchop":19,"minecraft:diorite":2,"minecraft:carrot":26,"minecraft:stone_shovel":7,"minecraft:stone_sword":1,"minecraft:arrow":8,"minecraft:rotten_flesh":33,"minecraft:beetroot_seeds":3,"minecraft:hay_block":20,"minecraft:obsidian":2,"minecraft:mutton":10,"minecraft:white_wool":11,"minecraft:cobblestone":144,"minecraft:magma_block":1,"minecraft:clock":2,"minecraft:feather":22,"minecraft:golden_carrot":1,"minecraft:glow_ink_sac":6,"minecraft:leather":4,"minecraft:red_mushroom":8,"minecraft:birch_planks":123,"minecraft:flint":6,"minecraft:oak_log":57,"minecraft:yellow_bed":3,"minecraft:gunpowder":6,"minecraft:lapis_lazuli":33,"minecraft:map":2,"minecraft:dirt":94,"minecraft:bone":6,"minecraft:apple":15,"minecraft:kelp":2,"minecraft:bow":1,"minecraft:wheat_seeds":40,"minecraft:raw_gold":6,"minecraft:iron_ingot":3,"minecraft:stone_pickaxe":7,"minecraft:oak_planks":28,"minecraft:iron_sword":2,"minecraft:book":14,"minecraft:birch_boat":1,"minecraft:white_bed":2,"minecraft:diamond":10,"minecraft:stone_axe":12,"minecraft:iron_helmet":2,"minecraft:granite":1,"minecraft:bread":14,"minecraft:oak_sapling":40,"minecraft:coal":154},"minecraft:custom":{"minecraft:mob_kills":49,"minecraft:interact_with_crafting_table":10,"minecraft:bell_ring":1,"minecraft:leave_game":1,"minecraft:time_since_death":20906,"minecraft:sprint_one_cm":147878,"minecraft:walk_one_cm":110862,"minecraft:drop":28,"minecraft:play_time":58935,"minecraft:deaths":3,"minecraft:sneak_time":3598,"minecraft:walk_under_water_one_cm":4013,"minecraft:boat_one_cm":184553,"minecraft:jump":1189,"minecraft:walk_on_water_one_cm":5697,"minecraft:total_world_time":58935,"minecraft:interact_with_furnace":7,"minecraft:sleep_in_bed":3,"minecraft:time_since_rest":20932,"minecraft:damage_taken":2129,"minecraft:damage_dealt":8782,"minecraft:swim_one_cm":6540,"minecraft:fly_one_cm":444475,"minecraft:open_chest":20,"minecraft:crouch_one_cm":5350,"minecraft:fall_one_cm":49393},"minecraft:broken":{"minecraft:stone_pickaxe":1,"minecraft:iron_axe":1},"minecraft:dropped":{"minecraft:birch_planks":1,"minecraft:wheat_seeds":13,"minecraft:oak_log":3,"minecraft:glow_ink_sac":3,"minecraft:cobblestone":2,"minecraft:granite":1,"minecraft:stick":4,"minecraft:dirt":40,"minecraft:diorite":1,"minecraft:map":1,"minecraft:string":1,"minecraft:stone_axe":2,"minecraft:kelp":1,"minecraft:cobbled_deepslate":1,"minecraft:stone_shovel":4,"minecraft:rotten_flesh":3,"minecraft:flint_and_steel":1,"minecraft:poppy":1,"minecraft:beetroot_seeds":2,"minecraft:oak_sapling":1,"minecraft:magma_block":1},"minecraft:crafted":{"minecraft:oak_planks":36,"minecraft:furnace":1,"minecraft:chest":4,"minecraft:wheat":63,"minecraft:wooden_shovel":1,"minecraft:crafting_table":2,"minecraft:bread":21,"minecraft:air":0,"minecraft:stick":4,"minecraft:iron_ingot":29,"minecraft:iron_pickaxe":1,"minecraft:white_bed":1},"minecraft:mined":{"minecraft:white_bed":1,"minecraft:deepslate_diamond_ore":8,"minecraft:glow_lichen":1,"minecraft:granite":1,"minecraft:grass_block":11,"minecraft:hay_block":7,"minecraft:magma_block":1,"minecraft:furnace":1,"minecraft:iron_ore":54,"minecraft:fire":9,"minecraft:deepslate_lapis_ore":1,"minecraft:dirt_path":4,"minecraft:deepslate_iron_ore":1,"minecraft:stone":141,"minecraft:crafting_table":1,"minecraft:chest":1,"minecraft:cobblestone":2,"minecraft:tall_grass":1,"minecraft:lapis_ore":3,"minecraft:oak_planks":8,"minecraft:diorite":1,"minecraft:birch_planks":5,"minecraft:yellow_bed":1,"minecraft:grass":9,"minecraft:coal_ore":70,"minecraft:oak_log":50,"minecraft:dirt":38,"minecraft:gold_ore":6,"minecraft:oak_leaves":20,"minecraft:deepslate":13}},"DataVersion":3337}