{"stats":{"minecraft:used":{"minecraft:birch_planks":7,"minecraft:stone_pickaxe":86,"minecraft:oak_planks":11,"minecraft:chest":4,"minecraft:iron_sword":3,"minecraft:wooden_shovel":20,"minecraft:crafting_table":1,"minecraft:white_bed":2,"minecraft:apple":3,"minecraft:iron_axe":22,"minecraft:bread":4,"minecraft:stone_axe":22},"minecraft:killed":{"minecraft:pig":1,"minecraft:iron_golem":1,"minecraft:zombie":2},"minecraft:killed_by":{"minecraft:iron_golem":1},"minecraft:picked_up":{"minecraft:wooden_axe":3,"minecraft:crafting_table":8,"minecraft:iron_chestplate":2,"minecraft:clock":2,"minecraft:feather":22,"minecraft:golden_carrot":1,"minecraft:leather":2,"minecraft:brown_mushroom":17,"minecraft:wooden_pickaxe":4,"minecraft:red_mushroom":8,"minecraft:birch_planks":123,"minecraft:flint":6,"minecraft:oak_log":17,"minecraft:yellow_bed":3,"minecraft:gunpowder":2,"minecraft:map":2,"minecraft:lapis_lazuli":14,"minecraft:dirt":34,"minecraft:iron_axe":2,"minecraft:flint_and_steel":2,"minecraft:iron_leggings":2,"minecraft:apple":11,"minecraft:kelp":2,"minecraft:gold_nugget":40,"minecraft:iron_ingot":3,"minecraft:stone_pickaxe":5,"minecraft:oak_boat":3,"minecraft:iron_nugget":4,"minecraft:poppy":2,"minecraft:iron_pickaxe":2,"minecraft:lectern":1,"minecraft:sugar_cane":1,"minecraft:chest":3,"minecraft:oak_planks":2,"minecraft:iron_sword":2,"minecraft:iron_boots":2,"minecraft:book":14,"minecraft:stick":18,"minecraft:raw_iron":4,"minecraft:birch_boat":1,"minecraft:porkchop":16,"minecraft:white_bed":2,"minecraft:carrot":26,"minecraft:stone_sword":1,"minecraft:rotten_flesh":8,"minecraft:diamond":2,"minecraft:stone_axe":8,"minecraft:hay_block":20,"minecraft:iron_helmet":2,"minecraft:bread":3,"minecraft:oak_sapling":7,"minecraft:obsidian":2,"minecraft:coal":84,"minecraft:white_wool":6,"minecraft:cobblestone":46},"minecraft:custom":{"minecraft:mob_kills":4,"minecraft:interact_with_crafting_table":5,"minecraft:time_since_death":11316,"minecraft:sleep_in_bed":2,"minecraft:time_since_rest":5854,"minecraft:sprint_one_cm":66129,"minecraft:damage_taken":844,"minecraft:walk_one_cm":46630,"minecraft:drop":10,"minecraft:damage_dealt":762,"minecraft:swim_one_cm":1559,"minecraft:fly_one_cm":65872,"minecraft:open_chest":12,"minecraft:crouch_one_cm":520,"minecraft:play_time":23016,"minecraft:deaths":2,"minecraft:sneak_time":177,"minecraft:walk_under_water_one_cm":417,"minecraft:boat_one_cm":184553,"minecraft:jump":404,"minecraft:walk_on_water_one_cm":864,"minecraft:total_world_time":23016,"minecraft:fall_one_cm":13719},"minecraft:dropped":{"minecraft:kelp":1,"minecraft:birch_planks":1,"minecraft:oak_log":3,"minecraft:cobblestone":2,"minecraft:rotten_flesh":3,"minecraft:flint_and_steel":1,"minecraft:poppy":1,"minecraft:oak_sapling":1,"minecraft:map":1},"minecraft:mined":{"minecraft:white_bed":1,"minecraft:grass_block":3,"minecraft:chest":1,"minecraft:cobblestone":1,"minecraft:tall_grass":1,"minecraft:oak_planks":3,"minecraft:hay_block":7,"minecraft:birch_planks":5,"minecraft:fire":9,"minecraft:yellow_bed":1,"minecraft:grass":3,"minecraft:coal_ore":44,"minecraft:oak_log":10,"minecraft:dirt_path":4,"minecraft:dirt":14,"minecraft:stone":39,"minecraft:oak_leaves":6},"minecraft:crafted":{"minecraft:oak_planks":36,"minecraft:wooden_shovel":1,"minecraft:crafting_table":1,"minecraft:bread":21,"minecraft:stick":4,"minecraft:chest":4,"minecraft:wheat":63}},"DataVersion":3337}