{"stats":{"minecraft:used":{"minecraft:chest":6,"minecraft:iron_sword":3,"minecraft:wooden_shovel":43,"minecraft:dirt":57,"minecraft:mutton":5,"minecraft:tuff":5,"minecraft:iron_axe":152,"minecraft:furnace":2,"minecraft:birch_planks":7,"minecraft:stone_pickaxe":278,"minecraft:oak_planks":16,"minecraft:crafting_table":3,"minecraft:white_bed":3,"minecraft:apple":5,"minecraft:bread":27,"minecraft:iron_pickaxe":132,"minecraft:stone_axe":69,"minecraft:cobblestone":37,"minecraft:porkchop":7},"minecraft:killed":{"minecraft:cave_spider":1,"minecraft:spider":1,"minecraft:skeleton":5,"minecraft:chicken":1,"minecraft:pig":1,"minecraft:iron_golem":1,"minecraft:bat":7,"minecraft:creeper":3,"minecraft:sheep":4,"minecraft:zombie":24,"minecraft:glow_squid":1,"minecraft:cow":1},"minecraft:killed_by":{"minecraft:creeper":1,"minecraft:spider":1,"minecraft:iron_golem":1,"minecraft:zombie":2},"minecraft:picked_up":{"minecraft:wooden_axe":6,"minecraft:crafting_table":10,"minecraft:iron_chestplate":2,"minecraft:brown_mushroom":17,"minecraft:wooden_pickaxe":8,"minecraft:enchanted_book":1,"minecraft:string":4,"minecraft:acacia_door":1,"minecraft:iron_axe":3,"minecraft:flint_and_steel":2,"minecraft:smooth_stone_slab":4,"minecraft:iron_leggings":2,"minecraft:gold_nugget":40,"minecraft:cobbled_deepslate":65,"minecraft:beef":2,"minecraft:oak_boat":3,"minecraft:iron_nugget":4,"minecraft:poppy":2,"minecraft:iron_pickaxe":3,"minecraft:lectern":1,"minecraft:sugar_cane":1,"minecraft:chest":3,"minecraft:iron_boots":2,"minecraft:furnace":4,"minecraft:raw_iron":101,"minecraft:stick":32,"minecraft:porkchop":19,"minecraft:diorite":12,"minecraft:carrot":26,"minecraft:redstone":5,"minecraft:stone_shovel":7,"minecraft:stone_sword":1,"minecraft:arrow":16,"minecraft:rotten_flesh":55,"minecraft:beetroot_seeds":3,"minecraft:hay_block":20,"minecraft:saddle":3,"minecraft:obsidian":2,"minecraft:mutton":10,"minecraft:white_wool":12,"minecraft:cobblestone":161,"minecraft:stripped_oak_log":1,"minecraft:magma_block":1,"minecraft:clock":2,"minecraft:feather":22,"minecraft:golden_carrot":1,"minecraft:glow_ink_sac":9,"minecraft:leather":6,"minecraft:red_mushroom":8,"minecraft:birch_planks":124,"minecraft:flint":6,"minecraft:tuff":15,"minecraft:oak_log":59,"minecraft:yellow_bed":3,"minecraft:gunpowder":34,"minecraft:lapis_lazuli":52,"minecraft:map":2,"minecraft:dirt":123,"minecraft:bone":18,"minecraft:apple":17,"minecraft:kelp":2,"minecraft:bow":2,"minecraft:wheat_seeds":56,"minecraft:raw_gold":12,"minecraft:iron_ingot":33,"minecraft:stone_pickaxe":8,"minecraft:oak_planks":45,"minecraft:iron_sword":2,"minecraft:book":14,"minecraft:birch_boat":1,"minecraft:white_bed":2,"minecraft:spider_eye":1,"minecraft:diamond":18,"minecraft:stone_axe":15,"minecraft:iron_helmet":2,"minecraft:granite":1,"minecraft:golden_horse_armor":1,"minecraft:bread":16,"minecraft:oak_sapling":58,"minecraft:coal":220},"minecraft:custom":{"minecraft:mob_kills":53,"minecraft:interact_with_crafting_table":15,"minecraft:bell_ring":1,"minecraft:leave_game":1,"minecraft:time_since_death":18625,"minecraft:sprint_one_cm":205208,"minecraft:walk_one_cm":148560,"minecraft:drop":30,"minecraft:play_time":82935,"minecraft:deaths":6,"minecraft:sneak_time":4956,"minecraft:walk_under_water_one_cm":7459,"minecraft:boat_one_cm":184553,"minecraft:jump":1610,"minecraft:walk_on_water_one_cm":7275,"minecraft:total_world_time":82935,"minecraft:interact_with_furnace":11,"minecraft:sleep_in_bed":3,"minecraft:time_since_rest":18653,"minecraft:damage_taken":3260,"minecraft:damage_dealt":9477,"minecraft:swim_one_cm":10789,"minecraft:fly_one_cm":625547,"minecraft:open_chest":48,"minecraft:crouch_one_cm":7304,"minecraft:fall_one_cm":66897},"minecraft:broken":{"minecraft:stone_pickaxe":2,"minecraft:iron_axe":1},"minecraft:dropped":{"minecraft:birch_planks":1,"minecraft:wheat_seeds":13,"minecraft:oak_log":3,"minecraft:glow_ink_sac":3,"minecraft:cobblestone":2,"minecraft:granite":1,"minecraft:stick":4,"minecraft:dirt":40,"minecraft:diorite":12,"minecraft:map":1,"minecraft:string":1,"minecraft:stone_axe":2,"minecraft:kelp":1,"minecraft:cobbled_deepslate":1,"minecraft:stone_shovel":4,"minecraft:rotten_flesh":3,"minecraft:stripped_oak_log":1,"minecraft:flint_and_steel":1,"minecraft:poppy":1,"minecraft:beetroot_seeds":2,"minecraft:oak_sapling":1,"minecraft:magma_block":1},"minecraft:crafted":{"minecraft:oak_planks":36,"minecraft:furnace":1,"minecraft:iron_boots":1,"minecraft:chest":6,"minecraft:wheat":63,"minecraft:wooden_shovel":1,"minecraft:crafting_table":2,"minecraft:iron_helmet":1,"minecraft:bread":21,"minecraft:air":0,"minecraft:iron_chestplate":1,"minecraft:stick":4,"minecraft:iron_ingot":45,"minecraft:iron_pickaxe":1,"minecraft:iron_leggings":1,"minecraft:white_bed":1,"minecraft:diamond_chestplate":1},"minecraft:mined":{"minecraft:tuff":17,"minecraft:white_bed":1,"minecraft:deepslate_diamond_ore":8,"minecraft:glow_lichen":1,"minecraft:granite":2,"minecraft:grass_block":13,"minecraft:hay_block":7,"minecraft:magma_block":1,"minecraft:furnace":1,"minecraft:iron_ore":62,"minecraft:fire":9,"minecraft:deepslate_lapis_ore":1,"minecraft:dirt_path":4,"minecraft:deepslate_iron_ore":1,"minecraft:stripped_oak_log":1,"minecraft:stone":152,"minecraft:crafting_table":1,"minecraft:chest":1,"minecraft:cobblestone":7,"minecraft:tall_grass":1,"minecraft:lapis_ore":3,"minecraft:oak_planks":8,"minecraft:diorite":11,"minecraft:birch_planks":5,"minecraft:yellow_bed":1,"minecraft:grass":41,"minecraft:coal_ore":70,"minecraft:oak_log":51,"minecraft:dirt":69,"minecraft:gold_ore":6,"minecraft:oak_leaves":20,"minecraft:deepslate":52}},"DataVersion":3337}