{"stats":{"minecraft:used":{"minecraft:apple":2,"minecraft:birch_planks":3,"minecraft:stone_pickaxe":3,"minecraft:oak_planks":1,"minecraft:stone_axe":11,"minecraft:white_bed":1},"minecraft:picked_up":{"minecraft:wooden_axe":2,"minecraft:iron_chestplate":1,"minecraft:stick":4,"minecraft:crafting_table":3,"minecraft:feather":11,"minecraft:clock":1,"minecraft:wooden_pickaxe":2,"minecraft:birch_planks":42,"minecraft:flint":3,"minecraft:porkchop":6,"minecraft:oak_log":2,"minecraft:white_bed":1,"minecraft:yellow_bed":2,"minecraft:carrot":13,"minecraft:gunpowder":1,"minecraft:lapis_lazuli":7,"minecraft:dirt":2,"minecraft:iron_axe":1,"minecraft:iron_leggings":1,"minecraft:apple":7,"minecraft:diamond":1,"minecraft:stone_axe":4,"minecraft:gold_nugget":20,"minecraft:iron_helmet":1,"minecraft:hay_block":6,"minecraft:stone_pickaxe":2,"minecraft:oak_boat":2,"minecraft:iron_nugget":2,"minecraft:bread":2,"minecraft:iron_pickaxe":1,"minecraft:oak_sapling":2,"minecraft:chest":2,"minecraft:iron_sword":1,"minecraft:oak_planks":1,"minecraft:coal":9,"minecraft:iron_boots":1,"minecraft:white_wool":3,"minecraft:cobblestone":2,"minecraft:book":1},"minecraft:custom":{"minecraft:time_since_rest":2920,"minecraft:sprint_one_cm":33640,"minecraft:damage_taken":353,"minecraft:walk_one_cm":20262,"minecraft:damage_dealt":97,"minecraft:swim_one_cm":1559,"minecraft:fly_one_cm":34347,"minecraft:crouch_one_cm":437,"minecraft:play_time":11016,"minecraft:deaths":1,"minecraft:sneak_time":37,"minecraft:walk_under_water_one_cm":417,"minecraft:boat_one_cm":184553,"minecraft:jump":194,"minecraft:walk_on_water_one_cm":864,"minecraft:time_since_death":2894,"minecraft:total_world_time":11016,"minecraft:fall_one_cm":5510},"minecraft:mined":{"minecraft:hay_block":7,"minecraft:fire":9,"minecraft:yellow_bed":1,"minecraft:grass":1,"minecraft:grass_block":1,"minecraft:oak_log":1,"minecraft:chest":1,"minecraft:tall_grass":1,"minecraft:cobblestone":1,"minecraft:oak_leaves":2}},"DataVersion":3337}