{"stats":{"minecraft:custom":{"minecraft:time_since_rest":3499,"minecraft:crouch_one_cm":1281,"minecraft:play_time":3499,"minecraft:sprint_one_cm":9985,"minecraft:damage_taken":10,"minecraft:walk_one_cm":6898,"minecraft:sneak_time":378,"minecraft:jump":85,"minecraft:leave_game":1,"minecraft:time_since_death":3499,"minecraft:total_world_time":3499,"minecraft:interact_with_crafting_table":2,"minecraft:fall_one_cm":3288,"minecraft:fly_one_cm":18919},"minecraft:mined":{"minecraft:grass":1,"minecraft:coal_ore":24,"minecraft:iron_ore":3,"minecraft:birch_log":5,"minecraft:stone":25},"minecraft:picked_up":{"minecraft:birch_log":5,"minecraft:raw_iron":3,"minecraft:coal":24,"minecraft:cobblestone":25},"minecraft:used":{"minecraft:crafting_table":1,"minecraft:stone_pickaxe":46,"minecraft:wooden_pickaxe":6},"minecraft:crafted":{"minecraft:birch_planks":20,"minecraft:crafting_table":1,"minecraft:stick":8,"minecraft:wooden_pickaxe":1,"minecraft:stone_pickaxe":1}},"DataVersion":3337}