{"stats":{"minecraft:custom":{"minecraft:jump":18,"minecraft:time_since_rest":1062,"minecraft:crouch_one_cm":1213,"minecraft:leave_game":1,"minecraft:sprint_one_cm":1660,"minecraft:play_time":1062,"minecraft:time_since_death":1062,"minecraft:walk_one_cm":222,"minecraft:sneak_time":324,"minecraft:total_world_time":1062,"minecraft:interact_with_crafting_table":1,"minecraft:fall_one_cm":418,"minecraft:fly_one_cm":3002},"minecraft:mined":{"minecraft:birch_log":4},"minecraft:picked_up":{"minecraft:birch_log":4},"minecraft:used":{"minecraft:crafting_table":1},"minecraft:crafted":{"minecraft:birch_planks":16,"minecraft:crafting_table":1,"minecraft:stick":8,"minecraft:wooden_pickaxe":1,"minecraft:wooden_axe":1}},"DataVersion":3337}