{"stats":{"minecraft:used":{"minecraft:crafting_table":1,"minecraft:birch_boat":1},"minecraft:custom":{"minecraft:time_since_rest":18,"minecraft:crouch_one_cm":74,"minecraft:play_time":6611,"minecraft:sprint_one_cm":5698,"minecraft:damage_taken":50,"minecraft:walk_one_cm":1713,"minecraft:sneak_time":27,"minecraft:boat_one_cm":130145,"minecraft:jump":41,"minecraft:leave_game":1,"minecraft:time_since_death":6611,"minecraft:walk_on_water_one_cm":293,"minecraft:sleep_in_bed":1,"minecraft:total_world_time":6611,"minecraft:interact_with_crafting_table":2,"minecraft:fall_one_cm":985,"minecraft:fly_one_cm":10273},"minecraft:mined":{"minecraft:grass":1,"minecraft:birch_log":3,"minecraft:birch_leaves":1},"minecraft:picked_up":{"minecraft:birch_log":3,"minecraft:birch_boat":1,"minecraft:dirt":1},"minecraft:crafted":{"minecraft:birch_planks":12,"minecraft:crafting_table":1,"minecraft:birch_boat":1}},"DataVersion":3337}