{"stats":{"minecraft:used":{"minecraft:flint_and_steel":1,"minecraft:shield":32,"minecraft:iron_sword":171,"minecraft:rotten_flesh":4,"minecraft:orange_bed":1,"minecraft:torch":32,"minecraft:dirt":12,"minecraft:mutton":4,"minecraft:carrot":16,"minecraft:golden_shovel":26,"minecraft:tuff":4,"minecraft:wooden_axe":14,"minecraft:grass_block":1,"minecraft:iron_axe":3,"minecraft:iron_boots":1,"minecraft:beef":4,"minecraft:furnace":6,"minecraft:egg":7,"minecraft:cobbled_deepslate":67,"minecraft:cooked_mutton":7,"minecraft:leather_leggings":1,"minecraft:birch_planks":13,"minecraft:stone_pickaxe":37,"minecraft:oak_planks":29,"minecraft:wooden_pickaxe":22,"minecraft:birch_boat":5,"minecraft:white_wool":1,"minecraft:golden_apple":1,"minecraft:rail":1,"minecraft:crafting_table":6,"minecraft:apple":3,"minecraft:bread":7,"minecraft:map":2,"minecraft:suspicious_stew":1,"minecraft:iron_pickaxe":281,"minecraft:gravel":11,"minecraft:golden_helmet":1,"minecraft:stone_axe":66,"minecraft:cobblestone":6,"minecraft:porkchop":9,"minecraft:cooked_porkchop":16,"minecraft:andesite":3,"minecraft:yellow_bed":1,"minecraft:experience_bottle":1},"minecraft:killed":{"minecraft:spider":8,"minecraft:skeleton":9,"minecraft:chicken":6,"minecraft:drowned":2,"minecraft:pig":14,"minecraft:sheep":9,"minecraft:zombie":19,"minecraft:enderman":1,"minecraft:cow":3},"minecraft:killed_by":{"minecraft:creeper":2,"minecraft:iron_golem":1},"minecraft:picked_up":{"minecraft:crafting_table":6,"minecraft:chicken":6,"minecraft:string":11,"minecraft:cobbled_deepslate":99,"minecraft:beef":7,"minecraft:birch_sapling":2,"minecraft:egg":7,"minecraft:furnace":6,"minecraft:stick":3,"minecraft:raw_iron":87,"minecraft:torch":11,"minecraft:porkchop":46,"minecraft:orange_bed":2,"minecraft:arrow":7,"minecraft:rotten_flesh":34,"minecraft:hay_block":2,"minecraft:mutton":11,"minecraft:rail":1,"minecraft:cobblestone":34,"minecraft:white_wool":9,"minecraft:birch_log":41,"minecraft:feather":3,"minecraft:glow_ink_sac":1,"minecraft:andesite":3,"minecraft:leather":2,"minecraft:birch_planks":10,"minecraft:tuff":4,"minecraft:oak_log":17,"minecraft:yellow_bed":2,"minecraft:lapis_lazuli":79,"minecraft:dirt":16,"minecraft:bone":4,"minecraft:apple":1,"minecraft:kelp":2,"minecraft:bow":1,"minecraft:raw_gold":91,"minecraft:oak_planks":3,"minecraft:cooked_porkchop":1,"minecraft:birch_boat":4,"minecraft:gravel":12,"minecraft:grass_block":1,"minecraft:spider_eye":2,"minecraft:diamond":12,"minecraft:oak_sapling":4,"minecraft:coal":72},"minecraft:custom":{"minecraft:mob_kills":73,"minecraft:interact_with_crafting_table":27,"minecraft:leave_game":3,"minecraft:time_since_death":7444,"minecraft:sprint_one_cm":317060,"minecraft:walk_one_cm":145779,"minecraft:damage_blocked_by_shield":1245,"minecraft:drop":41,"minecraft:play_time":106428,"minecraft:sneak_time":13503,"minecraft:deaths":3,"minecraft:walk_under_water_one_cm":17721,"minecraft:boat_one_cm":500643,"minecraft:jump":2788,"minecraft:walk_on_water_one_cm":13030,"minecraft:total_world_time":106428,"minecraft:interact_with_furnace":40,"minecraft:sleep_in_bed":1,"minecraft:time_since_rest":7469,"minecraft:damage_taken":4247,"minecraft:damage_dealt":11346,"minecraft:fly_one_cm":438892,"minecraft:swim_one_cm":74983,"minecraft:open_chest":39,"minecraft:crouch_one_cm":38688,"minecraft:fall_one_cm":87206},"minecraft:dropped":{"minecraft:lapis_lazuli":9,"minecraft:golden_helmet":1,"minecraft:oak_log":8,"minecraft:glow_ink_sac":1,"minecraft:crafting_table":1,"minecraft:poisonous_potato":1,"minecraft:feather":1,"minecraft:stick":1,"minecraft:dirt":1,"minecraft:wooden_axe":2,"minecraft:iron_pickaxe":1,"minecraft:stone_axe":1,"minecraft:kelp":2,"minecraft:cobbled_deepslate":2,"minecraft:bowl":1,"minecraft:birch_sapling":2,"minecraft:wheat":11,"minecraft:rotten_flesh":31,"minecraft:oak_planks":1,"minecraft:golden_shovel":2,"minecraft:carrot":1,"minecraft:filled_map":1,"minecraft:leather_chestplate":1,"minecraft:oak_sapling":4,"minecraft:leather_leggings":1,"minecraft:spider_eye":2,"minecraft:arrow":3,"minecraft:stone_pickaxe":1,"minecraft:wooden_pickaxe":2},"minecraft:crafted":{"minecraft:oak_planks":36,"minecraft:birch_boat":1,"minecraft:cooked_chicken":6,"minecraft:furnace":4,"minecraft:cooked_mutton":7,"minecraft:iron_boots":2,"minecraft:iron_axe":2,"minecraft:stone_pickaxe":2,"minecraft:wheat":18,"minecraft:cooked_beef":3,"minecraft:diamond_sword":1,"minecraft:cooked_porkchop":16,"minecraft:crafting_table":3,"minecraft:wooden_pickaxe":3,"minecraft:iron_helmet":1,"minecraft:iron_sword":1,"minecraft:birch_planks":164,"minecraft:stone_axe":2,"minecraft:bread":6,"minecraft:air":0,"minecraft:iron_chestplate":1,"minecraft:diamond_pickaxe":1,"minecraft:shield":1,"minecraft:stick":48,"minecraft:iron_ingot":27,"minecraft:iron_pickaxe":3,"minecraft:wooden_axe":2,"minecraft:iron_leggings":2,"minecraft:torch":48},"minecraft:mined":{"minecraft:tuff":5,"minecraft:deepslate_diamond_ore":12,"minecraft:grass_block":11,"minecraft:hay_block":2,"minecraft:furnace":6,"minecraft:iron_ore":6,"minecraft:fire":2,"minecraft:andesite":3,"minecraft:deepslate_lapis_ore":12,"minecraft:deepslate_iron_ore":62,"minecraft:stone":34,"minecraft:orange_bed":1,"minecraft:kelp_plant":1,"minecraft:powder_snow":3,"minecraft:oak_fence":1,"minecraft:crafting_table":6,"minecraft:torch":3,"minecraft:deepslate_gold_ore":90,"minecraft:oak_planks":2,"minecraft:wall_torch":7,"minecraft:birch_log":44,"minecraft:yellow_bed":2,"minecraft:grass":11,"minecraft:coal_ore":1,"minecraft:oak_log":8,"minecraft:gravel":22,"minecraft:dirt":7,"minecraft:oak_leaves":10,"minecraft:deepslate":104}},"DataVersion":3337}