{"stats":{"minecraft:used":{"minecraft:flint_and_steel":1,"minecraft:shield":29,"minecraft:iron_sword":149,"minecraft:rotten_flesh":4,"minecraft:orange_bed":1,"minecraft:torch":15,"minecraft:dirt":9,"minecraft:mutton":4,"minecraft:carrot":16,"minecraft:golden_shovel":26,"minecraft:tuff":4,"minecraft:wooden_axe":14,"minecraft:grass_block":1,"minecraft:iron_axe":3,"minecraft:iron_boots":1,"minecraft:beef":4,"minecraft:furnace":4,"minecraft:egg":2,"minecraft:cobbled_deepslate":61,"minecraft:cooked_mutton":5,"minecraft:leather_leggings":1,"minecraft:birch_planks":12,"minecraft:stone_pickaxe":22,"minecraft:oak_planks":29,"minecraft:wooden_pickaxe":13,"minecraft:birch_boat":5,"minecraft:white_wool":1,"minecraft:golden_apple":1,"minecraft:rail":1,"minecraft:crafting_table":5,"minecraft:apple":3,"minecraft:bread":7,"minecraft:map":2,"minecraft:suspicious_stew":1,"minecraft:iron_pickaxe":250,"minecraft:gravel":11,"minecraft:golden_helmet":1,"minecraft:stone_axe":44,"minecraft:cobblestone":6,"minecraft:porkchop":9,"minecraft:cooked_porkchop":13,"minecraft:andesite":3,"minecraft:yellow_bed":1,"minecraft:experience_bottle":1},"minecraft:killed":{"minecraft:spider":8,"minecraft:skeleton":6,"minecraft:chicken":1,"minecraft:drowned":2,"minecraft:pig":14,"minecraft:sheep":7,"minecraft:zombie":18,"minecraft:cow":2},"minecraft:killed_by":{"minecraft:iron_golem":1},"minecraft:picked_up":{"minecraft:crafting_table":4,"minecraft:chicken":1,"minecraft:string":11,"minecraft:cobbled_deepslate":91,"minecraft:beef":4,"minecraft:birch_sapling":2,"minecraft:egg":2,"minecraft:furnace":4,"minecraft:stick":3,"minecraft:raw_iron":75,"minecraft:torch":8,"minecraft:porkchop":46,"minecraft:orange_bed":2,"minecraft:arrow":6,"minecraft:rotten_flesh":34,"minecraft:hay_block":2,"minecraft:mutton":9,"minecraft:rail":1,"minecraft:cobblestone":12,"minecraft:white_wool":7,"minecraft:birch_log":22,"minecraft:glow_ink_sac":1,"minecraft:andesite":3,"minecraft:leather":2,"minecraft:tuff":4,"minecraft:oak_log":17,"minecraft:yellow_bed":1,"minecraft:lapis_lazuli":65,"minecraft:dirt":10,"minecraft:bone":3,"minecraft:apple":1,"minecraft:kelp":2,"minecraft:bow":1,"minecraft:raw_gold":78,"minecraft:oak_planks":3,"minecraft:cooked_porkchop":1,"minecraft:birch_boat":4,"minecraft:gravel":11,"minecraft:grass_block":1,"minecraft:spider_eye":2,"minecraft:diamond":12,"minecraft:oak_sapling":4,"minecraft:coal":72},"minecraft:custom":{"minecraft:mob_kills":60,"minecraft:interact_with_crafting_table":23,"minecraft:leave_game":2,"minecraft:time_since_death":61164,"minecraft:sprint_one_cm":250450,"minecraft:walk_one_cm":126448,"minecraft:damage_blocked_by_shield":1125,"minecraft:drop":39,"minecraft:play_time":92438,"minecraft:sneak_time":11813,"minecraft:deaths":1,"minecraft:walk_under_water_one_cm":17121,"minecraft:boat_one_cm":500643,"minecraft:jump":2372,"minecraft:walk_on_water_one_cm":11464,"minecraft:total_world_time":92438,"minecraft:interact_with_furnace":25,"minecraft:sleep_in_bed":1,"minecraft:time_since_rest":31969,"minecraft:damage_taken":3224,"minecraft:damage_dealt":9606,"minecraft:fly_one_cm":359092,"minecraft:swim_one_cm":67735,"minecraft:open_chest":39,"minecraft:crouch_one_cm":32994,"minecraft:fall_one_cm":73594},"minecraft:dropped":{"minecraft:lapis_lazuli":1,"minecraft:golden_helmet":1,"minecraft:oak_log":8,"minecraft:glow_ink_sac":1,"minecraft:crafting_table":1,"minecraft:poisonous_potato":1,"minecraft:stick":1,"minecraft:dirt":1,"minecraft:wooden_axe":2,"minecraft:iron_pickaxe":1,"minecraft:stone_axe":1,"minecraft:kelp":2,"minecraft:cobbled_deepslate":2,"minecraft:bowl":1,"minecraft:birch_sapling":2,"minecraft:wheat":11,"minecraft:rotten_flesh":31,"minecraft:oak_planks":1,"minecraft:golden_shovel":2,"minecraft:carrot":1,"minecraft:filled_map":1,"minecraft:leather_chestplate":1,"minecraft:oak_sapling":4,"minecraft:leather_leggings":1,"minecraft:spider_eye":2,"minecraft:arrow":3,"minecraft:stone_pickaxe":1,"minecraft:wooden_pickaxe":2},"minecraft:crafted":{"minecraft:oak_planks":36,"minecraft:birch_boat":1,"minecraft:cooked_chicken":1,"minecraft:furnace":2,"minecraft:cooked_mutton":5,"minecraft:iron_boots":2,"minecraft:iron_axe":2,"minecraft:stone_pickaxe":1,"minecraft:wheat":18,"minecraft:diamond_sword":1,"minecraft:cooked_porkchop":16,"minecraft:crafting_table":2,"minecraft:wooden_pickaxe":2,"minecraft:iron_helmet":1,"minecraft:iron_sword":1,"minecraft:birch_planks":88,"minecraft:stone_axe":1,"minecraft:bread":6,"minecraft:air":0,"minecraft:iron_chestplate":1,"minecraft:diamond_pickaxe":1,"minecraft:shield":1,"minecraft:stick":36,"minecraft:iron_ingot":27,"minecraft:iron_pickaxe":3,"minecraft:wooden_axe":2,"minecraft:iron_leggings":2,"minecraft:torch":16},"minecraft:mined":{"minecraft:tuff":5,"minecraft:deepslate_diamond_ore":12,"minecraft:grass_block":9,"minecraft:hay_block":2,"minecraft:furnace":4,"minecraft:iron_ore":6,"minecraft:fire":2,"minecraft:andesite":3,"minecraft:deepslate_lapis_ore":10,"minecraft:deepslate_iron_ore":50,"minecraft:stone":12,"minecraft:orange_bed":1,"minecraft:kelp_plant":1,"minecraft:powder_snow":3,"minecraft:oak_fence":1,"minecraft:crafting_table":4,"minecraft:torch":2,"minecraft:deepslate_gold_ore":78,"minecraft:oak_planks":2,"minecraft:wall_torch":6,"minecraft:birch_log":25,"minecraft:yellow_bed":1,"minecraft:grass":11,"minecraft:coal_ore":1,"minecraft:oak_log":8,"minecraft:gravel":22,"minecraft:dirt":3,"minecraft:oak_leaves":10,"minecraft:deepslate":100}},"DataVersion":3337}