{"stats":{"minecraft:used":{"minecraft:cooked_mutton":4,"minecraft:leather_leggings":1,"minecraft:birch_planks":12,"minecraft:stone_pickaxe":22,"minecraft:oak_planks":29,"minecraft:shield":28,"minecraft:birch_boat":5,"minecraft:wooden_pickaxe":13,"minecraft:iron_sword":128,"minecraft:white_wool":1,"minecraft:orange_bed":1,"minecraft:torch":8,"minecraft:dirt":9,"minecraft:mutton":4,"minecraft:crafting_table":4,"minecraft:carrot":16,"minecraft:golden_shovel":26,"minecraft:tuff":4,"minecraft:wooden_axe":14,"minecraft:apple":3,"minecraft:iron_axe":1,"minecraft:bread":7,"minecraft:iron_pickaxe":146,"minecraft:grass_block":1,"minecraft:suspicious_stew":1,"minecraft:map":2,"minecraft:gravel":11,"minecraft:golden_helmet":1,"minecraft:stone_axe":44,"minecraft:cobblestone":6,"minecraft:beef":4,"minecraft:cooked_porkchop":8,"minecraft:furnace":2,"minecraft:porkchop":9,"minecraft:andesite":3,"minecraft:yellow_bed":1,"minecraft:egg":2,"minecraft:cobbled_deepslate":54,"minecraft:experience_bottle":1},"minecraft:killed":{"minecraft:pig":14,"minecraft:spider":7,"minecraft:sheep":7,"minecraft:skeleton":5,"minecraft:zombie":15,"minecraft:drowned":2,"minecraft:cow":2},"minecraft:killed_by":{"minecraft:iron_golem":1},"minecraft:picked_up":{"minecraft:birch_log":22,"minecraft:crafting_table":3,"minecraft:glow_ink_sac":1,"minecraft:andesite":3,"minecraft:leather":2,"minecraft:lapis_lazuli":7,"minecraft:tuff":4,"minecraft:oak_log":17,"minecraft:string":10,"minecraft:yellow_bed":1,"minecraft:dirt":10,"minecraft:bone":2,"minecraft:apple":1,"minecraft:kelp":2,"minecraft:bow":1,"minecraft:cobbled_deepslate":72,"minecraft:raw_gold":32,"minecraft:beef":4,"minecraft:birch_sapling":2,"minecraft:oak_planks":1,"minecraft:furnace":2,"minecraft:raw_iron":31,"minecraft:egg":2,"minecraft:stick":3,"minecraft:cooked_porkchop":1,"minecraft:birch_boat":4,"minecraft:torch":4,"minecraft:gravel":11,"minecraft:porkchop":46,"minecraft:grass_block":1,"minecraft:spider_eye":1,"minecraft:orange_bed":2,"minecraft:arrow":4,"minecraft:rotten_flesh":11,"minecraft:diamond":12,"minecraft:hay_block":2,"minecraft:oak_sapling":4,"minecraft:mutton":9,"minecraft:coal":60,"minecraft:white_wool":7,"minecraft:cobblestone":12},"minecraft:custom":{"minecraft:interact_with_furnace":15,"minecraft:mob_kills":54,"minecraft:interact_with_crafting_table":15,"minecraft:leave_game":2,"minecraft:time_since_death":49164,"minecraft:sleep_in_bed":1,"minecraft:time_since_rest":19969,"minecraft:sprint_one_cm":194100,"minecraft:damage_taken":2690,"minecraft:walk_one_cm":103945,"minecraft:damage_blocked_by_shield":1095,"minecraft:drop":29,"minecraft:damage_dealt":8465,"minecraft:swim_one_cm":67735,"minecraft:fly_one_cm":325627,"minecraft:open_chest":39,"minecraft:crouch_one_cm":24222,"minecraft:play_time":80438,"minecraft:deaths":1,"minecraft:sneak_time":9078,"minecraft:walk_under_water_one_cm":17121,"minecraft:boat_one_cm":500643,"minecraft:jump":2099,"minecraft:walk_on_water_one_cm":11320,"minecraft:total_world_time":80438,"minecraft:fall_one_cm":68489},"minecraft:dropped":{"minecraft:kelp":2,"minecraft:golden_helmet":1,"minecraft:glow_ink_sac":1,"minecraft:oak_log":8,"minecraft:cobbled_deepslate":2,"minecraft:bowl":1,"minecraft:crafting_table":1,"minecraft:wheat":11,"minecraft:birch_sapling":2,"minecraft:poisonous_potato":1,"minecraft:rotten_flesh":1,"minecraft:golden_shovel":2,"minecraft:carrot":1,"minecraft:stick":1,"minecraft:filled_map":1,"minecraft:dirt":1,"minecraft:leather_chestplate":1,"minecraft:wooden_axe":2,"minecraft:oak_sapling":4,"minecraft:leather_leggings":1,"minecraft:arrow":3,"minecraft:wooden_pickaxe":2},"minecraft:crafted":{"minecraft:oak_planks":36,"minecraft:cooked_porkchop":10,"minecraft:crafting_table":2,"minecraft:birch_boat":1,"minecraft:wooden_pickaxe":2,"minecraft:iron_helmet":1,"minecraft:iron_sword":1,"minecraft:furnace":1,"minecraft:birch_planks":88,"minecraft:stone_axe":1,"minecraft:cooked_mutton":5,"minecraft:bread":6,"minecraft:air":0,"minecraft:iron_boots":1,"minecraft:iron_chestplate":1,"minecraft:shield":1,"minecraft:iron_axe":2,"minecraft:stick":36,"minecraft:iron_ingot":11,"minecraft:iron_pickaxe":2,"minecraft:stone_pickaxe":1,"minecraft:wooden_axe":2,"minecraft:iron_leggings":1,"minecraft:torch":4,"minecraft:wheat":18},"minecraft:mined":{"minecraft:tuff":5,"minecraft:deepslate_diamond_ore":12,"minecraft:kelp_plant":1,"minecraft:powder_snow":3,"minecraft:oak_fence":1,"minecraft:crafting_table":3,"minecraft:torch":2,"minecraft:grass_block":9,"minecraft:deepslate_gold_ore":32,"minecraft:oak_planks":1,"minecraft:wall_torch":2,"minecraft:hay_block":2,"minecraft:furnace":2,"minecraft:fire":1,"minecraft:birch_log":25,"minecraft:iron_ore":6,"minecraft:andesite":3,"minecraft:deepslate_lapis_ore":1,"minecraft:yellow_bed":1,"minecraft:grass":11,"minecraft:oak_log":8,"minecraft:coal_ore":1,"minecraft:deepslate_iron_ore":25,"minecraft:dirt":3,"minecraft:gravel":22,"minecraft:stone":12,"minecraft:orange_bed":1,"minecraft:deepslate":81,"minecraft:oak_leaves":10}},"DataVersion":3337}