{"stats":{"minecraft:used":{"minecraft:flint_and_steel":1,"minecraft:shield":32,"minecraft:iron_sword":177,"minecraft:rotten_flesh":4,"minecraft:iron_chestplate":1,"minecraft:orange_bed":1,"minecraft:torch":32,"minecraft:dirt":15,"minecraft:mutton":4,"minecraft:carrot":16,"minecraft:golden_shovel":26,"minecraft:tuff":4,"minecraft:obsidian":1,"minecraft:wooden_axe":14,"minecraft:iron_axe":3,"minecraft:grass_block":1,"minecraft:iron_helmet":1,"minecraft:iron_boots":1,"minecraft:birch_trapdoor":5,"minecraft:beef":4,"minecraft:oak_sapling":2,"minecraft:furnace":8,"minecraft:egg":9,"minecraft:cooked_beef":3,"minecraft:cobbled_deepslate":70,"minecraft:cooked_mutton":7,"minecraft:cobblestone_stairs":1,"minecraft:leather_leggings":1,"minecraft:diamond_boots":1,"minecraft:birch_planks":13,"minecraft:stone_pickaxe":106,"minecraft:oak_planks":32,"minecraft:wooden_pickaxe":26,"minecraft:birch_boat":6,"minecraft:white_wool":1,"minecraft:golden_apple":1,"minecraft:rail":1,"minecraft:crafting_table":10,"minecraft:diamond_pickaxe":2,"minecraft:apple":10,"minecraft:bread":19,"minecraft:iron_pickaxe":530,"minecraft:suspicious_stew":1,"minecraft:map":2,"minecraft:gravel":11,"minecraft:golden_helmet":1,"minecraft:stone_axe":101,"minecraft:cobblestone":12,"minecraft:porkchop":9,"minecraft:cooked_porkchop":16,"minecraft:chain":13,"minecraft:andesite":3,"minecraft:yellow_bed":2,"minecraft:diamond_leggings":1,"minecraft:experience_bottle":1},"minecraft:killed_by":{"minecraft:creeper":3,"minecraft:iron_golem":1,"minecraft:skeleton":1,"minecraft:zombie":1},"minecraft:custom":{"minecraft:mob_kills":85,"minecraft:interact_with_crafting_table":40,"minecraft:open_barrel":2,"minecraft:leave_game":5,"minecraft:time_since_death":14225,"minecraft:climb_one_cm":410,"minecraft:sprint_one_cm":415618,"minecraft:walk_one_cm":217348,"minecraft:damage_blocked_by_shield":1245,"minecraft:drop":124,"minecraft:talked_to_villager":39,"minecraft:play_time":149188,"minecraft:deaths":6,"minecraft:sneak_time":21229,"minecraft:walk_under_water_one_cm":18590,"minecraft:boat_one_cm":682939,"minecraft:jump":3735,"minecraft:walk_on_water_one_cm":14922,"minecraft:total_world_time":149188,"minecraft:interact_with_furnace":49,"minecraft:traded_with_villager":70,"minecraft:sleep_in_bed":4,"minecraft:time_since_rest":14249,"minecraft:damage_taken":5897,"minecraft:damage_dealt":14513,"minecraft:swim_one_cm":83671,"minecraft:fly_one_cm":622631,"minecraft:open_chest":93,"minecraft:crouch_one_cm":55235,"minecraft:fall_one_cm":110653},"minecraft:killed":{"minecraft:spider":10,"minecraft:horse":1,"minecraft:skeleton":9,"minecraft:chicken":6,"minecraft:drowned":2,"minecraft:pig":14,"minecraft:iron_golem":1,"minecraft:sheep":9,"minecraft:zombie":26,"minecraft:villager":1,"minecraft:cow":3,"minecraft:enderman":1},"minecraft:mined":{"minecraft:diamond_ore":4,"minecraft:tuff":6,"minecraft:deepslate_diamond_ore":43,"minecraft:cobblestone_stairs":1,"minecraft:brewing_stand":1,"minecraft:grass_block":14,"minecraft:hay_block":19,"minecraft:furnace":6,"minecraft:carrots":1,"minecraft:iron_ore":25,"minecraft:fire":2,"minecraft:andesite":9,"minecraft:fletching_table":1,"minecraft:deepslate_lapis_ore":16,"minecraft:deepslate_iron_ore":62,"minecraft:stone":86,"minecraft:orange_bed":1,"minecraft:glass_pane":1,"minecraft:kelp_plant":1,"minecraft:powder_snow":3,"minecraft:oak_fence":1,"minecraft:crafting_table":8,"minecraft:torch":3,"minecraft:cobblestone":4,"minecraft:tall_grass":2,"minecraft:deepslate_gold_ore":102,"minecraft:oak_planks":2,"minecraft:wall_torch":7,"minecraft:birch_log":51,"minecraft:birch_trapdoor":4,"minecraft:yellow_bed":2,"minecraft:grass":15,"minecraft:oak_log":12,"minecraft:coal_ore":3,"minecraft:gravel":22,"minecraft:dirt":11,"minecraft:oak_leaves":13,"minecraft:deepslate":290},"minecraft:picked_up":{"minecraft:crafting_table":8,"minecraft:azure_bluet":9,"minecraft:chicken":6,"minecraft:diamond_sword":1,"minecraft:wooden_pickaxe":1,"minecraft:oak_stairs":16,"minecraft:chain":25,"minecraft:brewing_stand":1,"minecraft:string":2872,"minecraft:flint_and_steel":2,"minecraft:netherite_ingot":2,"minecraft:netherite_scrap":4,"minecraft:diamond_leggings":2,"minecraft:cobbled_deepslate":285,"minecraft:beef":7,"minecraft:cobblestone_slab":88,"minecraft:ender_eye":1,"minecraft:poppy":4,"minecraft:iron_nugget":9,"minecraft:iron_pickaxe":5,"minecraft:sugar_cane":2,"minecraft:birch_sapling":2,"minecraft:egg":9,"minecraft:furnace":8,"minecraft:stick":23,"minecraft:raw_iron":107,"minecraft:oak_door":8,"minecraft:birch_trapdoor":4,"minecraft:torch":17,"minecraft:porkchop":46,"minecraft:redstone":2,"minecraft:orange_bed":2,"minecraft:diamond_chestplate":2,"minecraft:arrow":85,"minecraft:rotten_flesh":48,"minecraft:diamond_boots":2,"minecraft:hay_block":19,"minecraft:gold_ingot":152,"minecraft:blaze_powder":6,"minecraft:cod":3,"minecraft:obsidian":5,"minecraft:mutton":11,"minecraft:white_wool":9,"minecraft:rail":1,"minecraft:cobblestone":182,"minecraft:birch_log":48,"minecraft:feather":3,"minecraft:magma_cream":64,"minecraft:glow_ink_sac":1,"minecraft:andesite":9,"minecraft:leather":2,"minecraft:golden_leggings":1,"minecraft:filled_map":1,"minecraft:birch_planks":11,"minecraft:tuff":5,"minecraft:oak_log":21,"minecraft:golden_boots":3,"minecraft:yellow_bed":4,"minecraft:cobblestone_stairs":13,"minecraft:paper":10,"minecraft:lapis_lazuli":99,"minecraft:dirt":230,"minecraft:bone":4,"minecraft:apple":7,"minecraft:kelp":4,"minecraft:bow":1,"minecraft:wheat_seeds":20,"minecraft:raw_gold":103,"minecraft:iron_ingot":3,"minecraft:fletching_table":4,"minecraft:diamond_helmet":2,"minecraft:stone_hoe":1,"minecraft:iron_sword":2,"minecraft:oak_planks":17,"minecraft:cooked_porkchop":5,"minecraft:birch_boat":4,"minecraft:dandelion":21,"minecraft:gravel":12,"minecraft:white_bed":2,"minecraft:grass_block":1,"minecraft:mossy_cobblestone":4,"minecraft:spectral_arrow":38,"minecraft:spider_eye":3,"minecraft:firework_rocket":63,"minecraft:diamond_shovel":3,"minecraft:diamond":73,"minecraft:stone_axe":9,"minecraft:crossbow":2,"minecraft:bone_meal":27,"minecraft:birch_sign":5,"minecraft:golden_apple":3,"minecraft:bread":155,"minecraft:emerald":44,"minecraft:melon_seeds":3,"minecraft:oak_sapling":8,"minecraft:coal":77,"minecraft:diamond_pickaxe":3},"minecraft:dropped":{"minecraft:golden_boots":4,"minecraft:bread":57,"minecraft:iron_sword":1,"minecraft:birch_planks":17,"minecraft:wheat_seeds":4,"minecraft:lapis_lazuli":9,"minecraft:golden_helmet":1,"minecraft:oak_log":8,"minecraft:glow_ink_sac":1,"minecraft:mossy_cobblestone":3,"minecraft:crafting_table":1,"minecraft:cooked_porkchop":2,"minecraft:diamond_leggings":1,"minecraft:poisonous_potato":1,"minecraft:crossbow":1,"minecraft:feather":1,"minecraft:cobblestone":24,"minecraft:spectral_arrow":19,"minecraft:coal":1,"minecraft:golden_apple":2,"minecraft:cobblestone_stairs":8,"minecraft:stick":5,"minecraft:dirt":96,"minecraft:netherite_scrap":2,"minecraft:brewing_stand":1,"minecraft:torch":4,"minecraft:wooden_axe":2,"minecraft:diamond_helmet":1,"minecraft:oak_stairs":16,"minecraft:smooth_stone":1,"minecraft:iron_pickaxe":2,"minecraft:string":147,"minecraft:gold_ingot":71,"minecraft:dandelion":14,"minecraft:oak_door":6,"minecraft:stone_axe":5,"minecraft:kelp":3,"minecraft:iron_nugget":3,"minecraft:cobbled_deepslate":2,"minecraft:bowl":1,"minecraft:birch_sapling":2,"minecraft:wheat":11,"minecraft:obsidian":2,"minecraft:rotten_flesh":35,"minecraft:oak_planks":1,"minecraft:diamond_shovel":1,"minecraft:blaze_powder":3,"minecraft:golden_shovel":2,"minecraft:azure_bluet":9,"minecraft:salmon":2,"minecraft:carrot":1,"minecraft:flint_and_steel":1,"minecraft:filled_map":2,"minecraft:poppy":4,"minecraft:leather_chestplate":1,"minecraft:cobblestone_slab":60,"minecraft:diamond_chestplate":1,"minecraft:diamond_pickaxe":1,"minecraft:golden_leggings":2,"minecraft:melon_seeds":3,"minecraft:yellow_bed":1,"minecraft:oak_sapling":6,"minecraft:birch_sign":4,"minecraft:leather_leggings":1,"minecraft:spider_eye":2,"minecraft:diamond_boots":1,"minecraft:arrow":42,"minecraft:wooden_pickaxe":4,"minecraft:stone_pickaxe":1,"minecraft:magma_cream":32,"minecraft:firework_rocket":42},"minecraft:crafted":{"minecraft:smooth_stone":1,"minecraft:oak_planks":52,"minecraft:birch_boat":2,"minecraft:cooked_chicken":6,"minecraft:furnace":4,"minecraft:cooked_mutton":7,"minecraft:diamond_leggings":1,"minecraft:iron_boots":2,"minecraft:iron_axe":2,"minecraft:stone_pickaxe":3,"minecraft:diamond_boots":1,"minecraft:wheat":171,"minecraft:cooked_beef":3,"minecraft:diamond_sword":2,"minecraft:emerald":70,"minecraft:cooked_porkchop":16,"minecraft:crafting_table":5,"minecraft:wooden_pickaxe":4,"minecraft:iron_helmet":1,"minecraft:iron_sword":1,"minecraft:birch_planks":192,"minecraft:stone_axe":3,"minecraft:bread":57,"minecraft:air":0,"minecraft:iron_chestplate":1,"minecraft:diamond_pickaxe":1,"minecraft:shield":1,"minecraft:stick":60,"minecraft:iron_ingot":32,"minecraft:iron_pickaxe":5,"minecraft:birch_trapdoor":2,"minecraft:wooden_axe":2,"minecraft:iron_leggings":2,"minecraft:torch":48}},"DataVersion":3337}