{"stats":{"minecraft:used":{"minecraft:wooden_axe":13,"minecraft:wooden_pickaxe":13,"minecraft:golden_helmet":1,"minecraft:stone_axe":1,"minecraft:crafting_table":1},"minecraft:picked_up":{"minecraft:birch_log":15,"minecraft:stick":2,"minecraft:crafting_table":2,"minecraft:birch_boat":1,"minecraft:birch_sapling":2,"minecraft:coal":1,"minecraft:cobblestone":12},"minecraft:custom":{"minecraft:time_since_rest":8454,"minecraft:sprint_one_cm":16359,"minecraft:damage_taken":161,"minecraft:walk_one_cm":7496,"minecraft:drop":5,"minecraft:damage_dealt":90,"minecraft:swim_one_cm":12409,"minecraft:interact_with_crafting_table":3,"minecraft:fly_one_cm":34538,"minecraft:open_chest":1,"minecraft:crouch_one_cm":2591,"minecraft:play_time":8454,"minecraft:sneak_time":958,"minecraft:walk_under_water_one_cm":307,"minecraft:boat_one_cm":111158,"minecraft:jump":182,"minecraft:leave_game":1,"minecraft:time_since_death":8454,"minecraft:walk_on_water_one_cm":2422,"minecraft:total_world_time":8454,"minecraft:fall_one_cm":4512},"minecraft:dropped":{"minecraft:wooden_axe":1,"minecraft:crafting_table":1,"minecraft:birch_sapling":2,"minecraft:wooden_pickaxe":1,"minecraft:stick":1},"minecraft:crafted":{"minecraft:crafting_table":1,"minecraft:stick":8,"minecraft:wooden_pickaxe":1,"minecraft:stone_pickaxe":1,"minecraft:wooden_axe":1,"minecraft:birch_planks":60,"minecraft:stone_axe":1},"minecraft:mined":{"minecraft:birch_log":18,"minecraft:crafting_table":2,"minecraft:coal_ore":1,"minecraft:stone":12}},"DataVersion":3337}