{"stats":{"minecraft:used":{"minecraft:leather_leggings":1,"minecraft:birch_planks":12,"minecraft:stone_pickaxe":22,"minecraft:oak_planks":25,"minecraft:shield":8,"minecraft:birch_boat":5,"minecraft:wooden_pickaxe":13,"minecraft:iron_sword":61,"minecraft:orange_bed":1,"minecraft:torch":8,"minecraft:dirt":9,"minecraft:mutton":4,"minecraft:crafting_table":4,"minecraft:carrot":16,"minecraft:golden_shovel":26,"minecraft:tuff":1,"minecraft:wooden_axe":14,"minecraft:apple":1,"minecraft:bread":7,"minecraft:iron_pickaxe":94,"minecraft:grass_block":1,"minecraft:suspicious_stew":1,"minecraft:map":2,"minecraft:gravel":11,"minecraft:golden_helmet":1,"minecraft:stone_axe":44,"minecraft:cobblestone":6,"minecraft:beef":4,"minecraft:cooked_porkchop":2,"minecraft:furnace":1,"minecraft:porkchop":9,"minecraft:andesite":3,"minecraft:egg":2,"minecraft:cobbled_deepslate":39,"minecraft:experience_bottle":1},"minecraft:killed":{"minecraft:pig":14,"minecraft:spider":5,"minecraft:sheep":7,"minecraft:skeleton":4,"minecraft:zombie":1,"minecraft:drowned":2,"minecraft:cow":2},"minecraft:killed_by":{"minecraft:iron_golem":1},"minecraft:picked_up":{"minecraft:birch_log":22,"minecraft:crafting_table":3,"minecraft:andesite":3,"minecraft:leather":2,"minecraft:tuff":4,"minecraft:oak_log":17,"minecraft:string":7,"minecraft:yellow_bed":1,"minecraft:dirt":10,"minecraft:bone":2,"minecraft:apple":1,"minecraft:kelp":2,"minecraft:bow":1,"minecraft:cobbled_deepslate":50,"minecraft:raw_gold":11,"minecraft:beef":4,"minecraft:birch_sapling":2,"minecraft:oak_planks":1,"minecraft:furnace":1,"minecraft:raw_iron":26,"minecraft:egg":2,"minecraft:stick":3,"minecraft:birch_boat":4,"minecraft:torch":4,"minecraft:gravel":11,"minecraft:porkchop":40,"minecraft:grass_block":1,"minecraft:orange_bed":2,"minecraft:arrow":3,"minecraft:rotten_flesh":1,"minecraft:diamond":12,"minecraft:hay_block":2,"minecraft:oak_sapling":4,"minecraft:mutton":9,"minecraft:coal":30,"minecraft:white_wool":7,"minecraft:cobblestone":12},"minecraft:custom":{"minecraft:interact_with_furnace":9,"minecraft:mob_kills":36,"minecraft:interact_with_crafting_table":15,"minecraft:leave_game":2,"minecraft:time_since_death":37164,"minecraft:sleep_in_bed":1,"minecraft:time_since_rest":7969,"minecraft:sprint_one_cm":153002,"minecraft:damage_taken":1583,"minecraft:walk_one_cm":76832,"minecraft:damage_blocked_by_shield":330,"minecraft:drop":28,"minecraft:damage_dealt":4933,"minecraft:swim_one_cm":67735,"minecraft:fly_one_cm":285016,"minecraft:open_chest":39,"minecraft:crouch_one_cm":17892,"minecraft:play_time":68438,"minecraft:deaths":1,"minecraft:sneak_time":6547,"minecraft:walk_under_water_one_cm":17121,"minecraft:boat_one_cm":500643,"minecraft:jump":1724,"minecraft:walk_on_water_one_cm":10931,"minecraft:total_world_time":68438,"minecraft:fall_one_cm":55407},"minecraft:dropped":{"minecraft:kelp":2,"minecraft:golden_helmet":1,"minecraft:oak_log":8,"minecraft:cobbled_deepslate":2,"minecraft:bowl":1,"minecraft:crafting_table":1,"minecraft:wheat":11,"minecraft:birch_sapling":2,"minecraft:poisonous_potato":1,"minecraft:rotten_flesh":1,"minecraft:golden_shovel":2,"minecraft:carrot":1,"minecraft:stick":1,"minecraft:filled_map":1,"minecraft:dirt":1,"minecraft:leather_chestplate":1,"minecraft:wooden_axe":2,"minecraft:oak_sapling":4,"minecraft:leather_leggings":1,"minecraft:arrow":3,"minecraft:wooden_pickaxe":2},"minecraft:crafted":{"minecraft:oak_planks":36,"minecraft:cooked_porkchop":2,"minecraft:crafting_table":2,"minecraft:birch_boat":1,"minecraft:wooden_pickaxe":2,"minecraft:iron_helmet":1,"minecraft:iron_sword":1,"minecraft:furnace":1,"minecraft:birch_planks":88,"minecraft:stone_axe":1,"minecraft:bread":6,"minecraft:air":0,"minecraft:iron_boots":1,"minecraft:iron_chestplate":1,"minecraft:shield":1,"minecraft:iron_axe":2,"minecraft:stick":36,"minecraft:iron_ingot":11,"minecraft:iron_pickaxe":2,"minecraft:stone_pickaxe":1,"minecraft:wooden_axe":2,"minecraft:iron_leggings":1,"minecraft:torch":4,"minecraft:wheat":18},"minecraft:mined":{"minecraft:tuff":4,"minecraft:deepslate_diamond_ore":12,"minecraft:kelp_plant":1,"minecraft:powder_snow":3,"minecraft:oak_fence":1,"minecraft:crafting_table":3,"minecraft:torch":2,"minecraft:grass_block":9,"minecraft:deepslate_gold_ore":11,"minecraft:wall_torch":2,"minecraft:hay_block":2,"minecraft:furnace":1,"minecraft:fire":1,"minecraft:birch_log":25,"minecraft:iron_ore":6,"minecraft:andesite":3,"minecraft:yellow_bed":1,"minecraft:grass":11,"minecraft:oak_log":8,"minecraft:coal_ore":1,"minecraft:deepslate_iron_ore":20,"minecraft:dirt":3,"minecraft:gravel":22,"minecraft:stone":12,"minecraft:orange_bed":1,"minecraft:deepslate":58,"minecraft:oak_leaves":10}},"DataVersion":3337}