{"stats":{"minecraft:used":{"minecraft:wooden_axe":13,"minecraft:grass_block":1,"minecraft:suspicious_stew":1,"minecraft:oak_planks":4,"minecraft:birch_boat":3,"minecraft:wooden_pickaxe":13,"minecraft:golden_helmet":1,"minecraft:stone_axe":24,"minecraft:mutton":4,"minecraft:dirt":5,"minecraft:cobblestone":6,"minecraft:beef":4,"minecraft:crafting_table":1,"minecraft:porkchop":8,"minecraft:golden_shovel":3},"minecraft:killed":{"minecraft:sheep":3,"minecraft:skeleton":1,"minecraft:pig":8,"minecraft:cow":2},"minecraft:picked_up":{"minecraft:birch_log":15,"minecraft:stick":2,"minecraft:crafting_table":2,"minecraft:birch_boat":3,"minecraft:leather":2,"minecraft:porkchop":15,"minecraft:oak_log":1,"minecraft:grass_block":1,"minecraft:dirt":5,"minecraft:arrow":2,"minecraft:beef":4,"minecraft:mutton":4,"minecraft:birch_sapling":2,"minecraft:coal":1,"minecraft:white_wool":3,"minecraft:cobblestone":12},"minecraft:custom":{"minecraft:time_since_rest":20454,"minecraft:sprint_one_cm":55962,"minecraft:damage_taken":443,"minecraft:walk_one_cm":24868,"minecraft:mob_kills":14,"minecraft:drop":9,"minecraft:damage_dealt":1759,"minecraft:swim_one_cm":17619,"minecraft:interact_with_crafting_table":3,"minecraft:fly_one_cm":93206,"minecraft:open_chest":7,"minecraft:crouch_one_cm":4928,"minecraft:play_time":20454,"minecraft:sneak_time":2097,"minecraft:walk_under_water_one_cm":2937,"minecraft:boat_one_cm":210937,"minecraft:jump":561,"minecraft:leave_game":1,"minecraft:time_since_death":20454,"minecraft:walk_on_water_one_cm":3249,"minecraft:total_world_time":20454,"minecraft:fall_one_cm":17996},"minecraft:dropped":{"minecraft:bowl":1,"minecraft:wooden_axe":1,"minecraft:crafting_table":1,"minecraft:birch_sapling":2,"minecraft:poisonous_potato":1,"minecraft:arrow":2,"minecraft:wooden_pickaxe":1,"minecraft:stick":1},"minecraft:mined":{"minecraft:birch_log":18,"minecraft:powder_snow":3,"minecraft:crafting_table":2,"minecraft:grass":1,"minecraft:grass_block":6,"minecraft:coal_ore":1,"minecraft:dirt":1,"minecraft:stone":12,"minecraft:oak_leaves":3},"minecraft:crafted":{"minecraft:oak_planks":4,"minecraft:crafting_table":1,"minecraft:stick":8,"minecraft:wooden_pickaxe":1,"minecraft:stone_pickaxe":1,"minecraft:wooden_axe":1,"minecraft:birch_planks":60,"minecraft:stone_axe":1}},"DataVersion":3337}