{"stats":{"minecraft:used":{"minecraft:leather_leggings":1,"minecraft:oak_planks":4,"minecraft:birch_boat":4,"minecraft:wooden_pickaxe":13,"minecraft:dirt":5,"minecraft:mutton":4,"minecraft:crafting_table":3,"minecraft:carrot":4,"minecraft:golden_shovel":26,"minecraft:wooden_axe":13,"minecraft:grass_block":1,"minecraft:suspicious_stew":1,"minecraft:map":2,"minecraft:gravel":11,"minecraft:golden_helmet":1,"minecraft:stone_axe":28,"minecraft:cobblestone":6,"minecraft:beef":4,"minecraft:porkchop":9,"minecraft:experience_bottle":1},"minecraft:killed":{"minecraft:pig":8,"minecraft:sheep":3,"minecraft:skeleton":1,"minecraft:drowned":1,"minecraft:cow":2},"minecraft:killed_by":{"minecraft:iron_golem":1},"minecraft:picked_up":{"minecraft:birch_log":22,"minecraft:crafting_table":3,"minecraft:leather":2,"minecraft:oak_log":1,"minecraft:dirt":5,"minecraft:kelp":2,"minecraft:beef":4,"minecraft:birch_sapling":2,"minecraft:stick":2,"minecraft:birch_boat":4,"minecraft:gravel":11,"minecraft:porkchop":15,"minecraft:grass_block":1,"minecraft:arrow":2,"minecraft:mutton":4,"minecraft:coal":1,"minecraft:white_wool":3,"minecraft:cobblestone":12},"minecraft:custom":{"minecraft:mob_kills":15,"minecraft:interact_with_crafting_table":6,"minecraft:leave_game":2,"minecraft:time_since_death":1164,"minecraft:time_since_rest":1190,"minecraft:sprint_one_cm":68413,"minecraft:damage_taken":745,"minecraft:walk_one_cm":30592,"minecraft:drop":17,"minecraft:damage_dealt":1970,"minecraft:swim_one_cm":57104,"minecraft:fly_one_cm":133670,"minecraft:open_chest":18,"minecraft:crouch_one_cm":5339,"minecraft:play_time":32438,"minecraft:deaths":1,"minecraft:sneak_time":2630,"minecraft:walk_under_water_one_cm":13329,"minecraft:boat_one_cm":388734,"minecraft:jump":721,"minecraft:walk_on_water_one_cm":6166,"minecraft:total_world_time":32438,"minecraft:fall_one_cm":22095},"minecraft:dropped":{"minecraft:kelp":2,"minecraft:golden_helmet":1,"minecraft:bowl":1,"minecraft:crafting_table":1,"minecraft:wheat":6,"minecraft:birch_sapling":2,"minecraft:poisonous_potato":1,"minecraft:rotten_flesh":1,"minecraft:golden_shovel":1,"minecraft:stick":1,"minecraft:filled_map":1,"minecraft:leather_chestplate":1,"minecraft:wooden_axe":1,"minecraft:leather_leggings":1,"minecraft:arrow":2,"minecraft:wooden_pickaxe":1},"minecraft:mined":{"minecraft:kelp_plant":1,"minecraft:powder_snow":3,"minecraft:crafting_table":3,"minecraft:grass_block":6,"minecraft:birch_log":25,"minecraft:grass":1,"minecraft:coal_ore":1,"minecraft:dirt":1,"minecraft:gravel":22,"minecraft:stone":12,"minecraft:oak_leaves":3},"minecraft:crafted":{"minecraft:oak_planks":4,"minecraft:crafting_table":2,"minecraft:birch_boat":1,"minecraft:wooden_pickaxe":2,"minecraft:iron_helmet":1,"minecraft:iron_sword":1,"minecraft:birch_planks":88,"minecraft:stone_axe":1,"minecraft:iron_boots":1,"minecraft:iron_chestplate":1,"minecraft:iron_axe":1,"minecraft:stick":24,"minecraft:iron_ingot":3,"minecraft:iron_pickaxe":1,"minecraft:stone_pickaxe":1,"minecraft:wooden_axe":2,"minecraft:iron_leggings":1}},"DataVersion":3337}