{"stats":{"minecraft:used":{"minecraft:shield":32,"minecraft:iron_sword":203,"minecraft:rotten_flesh":4,"minecraft:iron_chestplate":1,"minecraft:mutton":4,"minecraft:carrot":31,"minecraft:tuff":4,"minecraft:obsidian":4,"minecraft:grass_block":1,"minecraft:iron_helmet":1,"minecraft:birch_trapdoor":5,"minecraft:furnace":8,"minecraft:oak_sapling":2,"minecraft:egg":9,"minecraft:potato":13,"minecraft:leather_leggings":1,"minecraft:diamond_boots":2,"minecraft:stone_pickaxe":106,"minecraft:oak_planks":35,"minecraft:blackstone":44,"minecraft:wooden_pickaxe":26,"minecraft:white_wool":2,"minecraft:golden_apple":1,"minecraft:crying_obsidian":4,"minecraft:bread":40,"minecraft:string":4,"minecraft:gravel":11,"minecraft:golden_helmet":1,"minecraft:andesite":3,"minecraft:chain":13,"minecraft:bone_meal":3,"minecraft:experience_bottle":1,"minecraft:flint_and_steel":5,"minecraft:netherrack":4,"minecraft:orange_bed":1,"minecraft:torch":32,"minecraft:dirt":26,"minecraft:golden_shovel":26,"minecraft:wooden_axe":14,"minecraft:iron_axe":3,"minecraft:iron_boots":2,"minecraft:beef":4,"minecraft:cooked_beef":3,"minecraft:cobbled_deepslate":134,"minecraft:wheat_seeds":1,"minecraft:cooked_mutton":7,"minecraft:cobblestone_stairs":1,"minecraft:birch_planks":14,"minecraft:birch_boat":8,"minecraft:fletching_table":1,"minecraft:polished_blackstone_bricks":3,"minecraft:rail":1,"minecraft:crafting_table":11,"minecraft:diamond_pickaxe":3,"minecraft:apple":10,"minecraft:cracked_polished_blackstone_bricks":1,"minecraft:suspicious_stew":1,"minecraft:iron_pickaxe":597,"minecraft:map":2,"minecraft:stone_axe":108,"minecraft:cobblestone":12,"minecraft:cooked_porkchop":17,"minecraft:porkchop":9,"minecraft:yellow_bed":3,"minecraft:pumpkin_pie":2,"minecraft:diamond_leggings":1},"minecraft:killed_by":{"minecraft:creeper":4,"minecraft:zombie":1,"minecraft:iron_golem":1,"minecraft:skeleton":1},"minecraft:custom":{"minecraft:interact_with_crafting_table":48,"minecraft:open_barrel":6,"minecraft:leave_game":6,"minecraft:time_since_death":19584,"minecraft:sprint_one_cm":545164,"minecraft:damage_blocked_by_shield":1245,"minecraft:drop":141,"minecraft:talked_to_villager":75,"minecraft:play_time":197124,"minecraft:deaths":8,"minecraft:jump":4985,"minecraft:walk_on_water_one_cm":15897,"minecraft:interact_with_furnace":51,"minecraft:traded_with_villager":135,"minecraft:sleep_in_bed":6,"minecraft:damage_dealt":16710,"minecraft:crouch_one_cm":67789,"minecraft:mob_kills":93,"minecraft:interact_with_anvil":7,"minecraft:climb_one_cm":410,"minecraft:walk_one_cm":294722,"minecraft:sneak_time":24242,"minecraft:walk_under_water_one_cm":19388,"minecraft:boat_one_cm":954279,"minecraft:total_world_time":197124,"minecraft:time_since_rest":12650,"minecraft:damage_taken":7543,"minecraft:swim_one_cm":84486,"minecraft:fly_one_cm":877870,"minecraft:open_chest":167,"minecraft:fall_one_cm":155316},"minecraft:killed":{"minecraft:spider":10,"minecraft:skeleton":9,"minecraft:chicken":6,"minecraft:piglin":1,"minecraft:pig":14,"minecraft:iron_golem":2,"minecraft:sheep":9,"minecraft:zombie":28,"minecraft:cow":3,"minecraft:blaze":1,"minecraft:horse":1,"minecraft:drowned":2,"minecraft:villager":1,"minecraft:enderman":1},"minecraft:mined":{"minecraft:cobblestone_stairs":1,"minecraft:brewing_stand":1,"minecraft:obsidian":1,"minecraft:grass_block":18,"minecraft:cracked_polished_blackstone_bricks":1,"minecraft:polished_blackstone_bricks":3,"minecraft:iron_ore":25,"minecraft:fire":3,"minecraft:fletching_table":2,"minecraft:deepslate_lapis_ore":16,"minecraft:dirt_path":3,"minecraft:tripwire":2,"minecraft:orange_bed":1,"minecraft:kelp_plant":1,"minecraft:crimson_nylium":1,"minecraft:powder_snow":3,"minecraft:torch":3,"minecraft:cobblestone":4,"minecraft:oak_planks":2,"minecraft:wall_torch":7,"minecraft:birch_log":56,"minecraft:wheat":1,"minecraft:birch_trapdoor":4,"minecraft:grass":46,"minecraft:oak_log":12,"minecraft:dirt":20,"minecraft:netherrack":62,"minecraft:oak_leaves":13,"minecraft:deepslate":290,"minecraft:diamond_ore":4,"minecraft:tuff":6,"minecraft:deepslate_diamond_ore":43,"minecraft:weeping_vines":1,"minecraft:hay_block":19,"minecraft:furnace":6,"minecraft:carrots":25,"minecraft:andesite":9,"minecraft:potatoes":6,"minecraft:deepslate_iron_ore":62,"minecraft:stone":86,"minecraft:glass_pane":1,"minecraft:dandelion":2,"minecraft:oak_fence":1,"minecraft:crafting_table":8,"minecraft:cornflower":1,"minecraft:tall_grass":2,"minecraft:deepslate_gold_ore":102,"minecraft:birch_leaves":3,"minecraft:yellow_bed":2,"minecraft:coal_ore":3,"minecraft:gravel":22},"minecraft:dropped":{"minecraft:iron_sword":1,"minecraft:birch_planks":17,"minecraft:lapis_lazuli":9,"minecraft:oak_log":8,"minecraft:glow_ink_sac":1,"minecraft:crafting_table":1,"minecraft:cooked_porkchop":2,"minecraft:crossbow":1,"minecraft:weeping_vines":1,"minecraft:leather":1,"minecraft:cobblestone_stairs":8,"minecraft:dirt":100,"minecraft:netherite_scrap":2,"minecraft:iron_pickaxe":2,"minecraft:gold_ingot":71,"minecraft:oak_door":6,"minecraft:stone_axe":5,"minecraft:iron_nugget":3,"minecraft:cobbled_deepslate":2,"minecraft:birch_sapling":2,"minecraft:wheat":11,"minecraft:obsidian":2,"minecraft:rotten_flesh":37,"minecraft:oak_planks":1,"minecraft:diamond_shovel":1,"minecraft:blaze_powder":3,"minecraft:golden_shovel":2,"minecraft:azure_bluet":9,"minecraft:salmon":2,"minecraft:carrot":6,"minecraft:poppy":4,"minecraft:leather_chestplate":1,"minecraft:melon_seeds":3,"minecraft:leather_leggings":1,"minecraft:arrow":42,"minecraft:firework_rocket":42,"minecraft:golden_boots":4,"minecraft:bread":57,"minecraft:oak_slab":1,"minecraft:wheat_seeds":4,"minecraft:golden_helmet":1,"minecraft:mossy_cobblestone":3,"minecraft:diamond_leggings":1,"minecraft:poisonous_potato":3,"minecraft:feather":1,"minecraft:cobblestone":24,"minecraft:spectral_arrow":19,"minecraft:coal":1,"minecraft:golden_apple":2,"minecraft:stick":5,"minecraft:brewing_stand":1,"minecraft:torch":4,"minecraft:wooden_axe":2,"minecraft:diamond_helmet":1,"minecraft:oak_stairs":16,"minecraft:smooth_stone":4,"minecraft:string":215,"minecraft:dandelion":14,"minecraft:kelp":9,"minecraft:bowl":1,"minecraft:iron_boots":1,"minecraft:flint_and_steel":1,"minecraft:filled_map":2,"minecraft:cobblestone_slab":60,"minecraft:diamond_chestplate":1,"minecraft:diamond_pickaxe":1,"minecraft:yellow_bed":1,"minecraft:golden_leggings":2,"minecraft:oak_sapling":6,"minecraft:birch_sign":4,"minecraft:spider_eye":2,"minecraft:diamond_boots":1,"minecraft:stone_pickaxe":1,"minecraft:wooden_pickaxe":4,"minecraft:magma_cream":32},"minecraft:picked_up":{"minecraft:wheat":1,"minecraft:diamond_sword":1,"minecraft:oak_stairs":16,"minecraft:brewing_stand":1,"minecraft:string":2910,"minecraft:netherite_ingot":2,"minecraft:diamond_leggings":2,"minecraft:cobbled_deepslate":286,"minecraft:smooth_stone":1,"minecraft:cobblestone_slab":88,"minecraft:ender_eye":1,"minecraft:iron_pickaxe":5,"minecraft:furnace":8,"minecraft:iron_boots":2,"minecraft:stick":23,"minecraft:birch_trapdoor":4,"minecraft:torch":17,"minecraft:porkchop":46,"minecraft:orange_bed":2,"minecraft:rotten_flesh":50,"minecraft:blaze_rod":1,"minecraft:obsidian":8,"minecraft:cod":3,"minecraft:blaze_powder":6,"minecraft:cobblestone":182,"minecraft:birch_log":53,"minecraft:feather":3,"minecraft:magma_cream":64,"minecraft:andesite":9,"minecraft:golden_leggings":1,"minecraft:potato":25,"minecraft:tuff":5,"minecraft:lapis_lazuli":99,"minecraft:dirt":245,"minecraft:bone":4,"minecraft:bow":1,"minecraft:wheat_seeds":23,"minecraft:raw_gold":103,"minecraft:diamond_helmet":2,"minecraft:fletching_table":5,"minecraft:stone_hoe":1,"minecraft:oak_planks":18,"minecraft:cooked_porkchop":6,"minecraft:poisonous_potato":2,"minecraft:grass_block":1,"minecraft:spectral_arrow":38,"minecraft:mossy_cobblestone":4,"minecraft:diamond":73,"minecraft:cracked_polished_blackstone_bricks":1,"minecraft:crossbow":2,"minecraft:bone_meal":27,"minecraft:golden_apple":3,"minecraft:bread":155,"minecraft:emerald":44,"minecraft:oak_sapling":8,"minecraft:netherrack":63,"minecraft:diamond_pickaxe":3,"minecraft:crafting_table":8,"minecraft:azure_bluet":9,"minecraft:chicken":6,"minecraft:wooden_pickaxe":1,"minecraft:chain":25,"minecraft:cornflower":1,"minecraft:flint_and_steel":2,"minecraft:netherite_scrap":4,"minecraft:beef":7,"minecraft:poppy":4,"minecraft:iron_nugget":9,"minecraft:sugar_cane":2,"minecraft:birch_sapling":2,"minecraft:egg":9,"minecraft:raw_iron":107,"minecraft:oak_door":8,"minecraft:polished_blackstone_bricks":3,"minecraft:carrot":84,"minecraft:redstone":2,"minecraft:weeping_vines":1,"minecraft:arrow":85,"minecraft:diamond_chestplate":2,"minecraft:diamond_boots":3,"minecraft:hay_block":19,"minecraft:gold_ingot":152,"minecraft:mutton":13,"minecraft:white_wool":10,"minecraft:rail":1,"minecraft:glow_ink_sac":1,"minecraft:leather":3,"minecraft:filled_map":1,"minecraft:birch_planks":11,"minecraft:oak_log":24,"minecraft:golden_boots":3,"minecraft:yellow_bed":4,"minecraft:cobblestone_stairs":13,"minecraft:paper":10,"minecraft:apple":7,"minecraft:kelp":10,"minecraft:iron_ingot":7,"minecraft:iron_sword":2,"minecraft:oak_slab":1,"minecraft:birch_boat":4,"minecraft:dandelion":21,"minecraft:gravel":12,"minecraft:white_bed":2,"minecraft:spider_eye":4,"minecraft:firework_rocket":63,"minecraft:diamond_shovel":3,"minecraft:stone_axe":9,"minecraft:birch_sign":5,"minecraft:melon_seeds":3,"minecraft:coal":77},"minecraft:crafted":{"minecraft:smooth_stone":3,"minecraft:oak_planks":64,"minecraft:cooked_chicken":6,"minecraft:birch_boat":4,"minecraft:cooked_mutton":7,"minecraft:iron_boots":2,"minecraft:diamond_leggings":1,"minecraft:emerald":135,"minecraft:cooked_porkchop":16,"minecraft:crafting_table":6,"minecraft:wooden_pickaxe":4,"minecraft:iron_helmet":1,"minecraft:birch_planks":212,"minecraft:iron_chestplate":1,"minecraft:diamond_pickaxe":1,"minecraft:shield":1,"minecraft:stick":64,"minecraft:iron_ingot":32,"minecraft:iron_pickaxe":5,"minecraft:furnace":4,"minecraft:iron_axe":2,"minecraft:stone_pickaxe":3,"minecraft:diamond_boots":1,"minecraft:wheat":171,"minecraft:cooked_beef":3,"minecraft:diamond_sword":2,"minecraft:iron_sword":1,"minecraft:stone_axe":3,"minecraft:bread":57,"minecraft:air":0,"minecraft:wooden_axe":2,"minecraft:birch_trapdoor":2,"minecraft:iron_leggings":2,"minecraft:torch":48}},"DataVersion":3337}