{"stats":{"minecraft:used":{"minecraft:wooden_axe":7,"minecraft:birch_planks":2,"minecraft:bread":2,"minecraft:stone_pickaxe":16,"minecraft:birch_boat":1,"minecraft:wooden_pickaxe":3,"minecraft:stone_axe":30,"minecraft:crafting_table":4,"minecraft:porkchop":2},"minecraft:killed":{"minecraft:pig":3},"minecraft:picked_up":{"minecraft:birch_log":8,"minecraft:crafting_table":3,"minecraft:birch_boat":1,"minecraft:orange_carpet":2,"minecraft:acacia_wood":1,"minecraft:porkchop":5,"minecraft:blast_furnace":1,"minecraft:brewing_stand":1,"minecraft:red_terracotta":2,"minecraft:acacia_stairs":1,"minecraft:red_bed":2,"minecraft:orange_bed":1,"minecraft:white_carpet":2,"minecraft:yellow_terracotta":1,"minecraft:lectern":1,"minecraft:sugar_cane":7,"minecraft:chest":2,"minecraft:cobblestone":14,"minecraft:book":24},"minecraft:custom":{"minecraft:time_since_rest":11635,"minecraft:sprint_one_cm":28482,"minecraft:damage_taken":126,"minecraft:walk_one_cm":11533,"minecraft:mob_kills":3,"minecraft:damage_dealt":404,"minecraft:swim_one_cm":7538,"minecraft:interact_with_crafting_table":7,"minecraft:fly_one_cm":49786,"minecraft:open_chest":7,"minecraft:crouch_one_cm":64,"minecraft:play_time":11635,"minecraft:sneak_time":9,"minecraft:walk_under_water_one_cm":214,"minecraft:boat_one_cm":182483,"minecraft:jump":184,"minecraft:leave_game":1,"minecraft:walk_on_water_one_cm":668,"minecraft:time_since_death":11635,"minecraft:total_world_time":11635,"minecraft:fall_one_cm":6035},"minecraft:crafted":{"minecraft:crafting_table":2,"minecraft:stick":16,"minecraft:wooden_pickaxe":2,"minecraft:birch_boat":1,"minecraft:stone_pickaxe":1,"minecraft:wooden_axe":1,"minecraft:birch_planks":32,"minecraft:stone_axe":1},"minecraft:mined":{"minecraft:yellow_terracotta":1,"minecraft:red_terracotta":2,"minecraft:red_bed":2,"minecraft:birch_log":8,"minecraft:acacia_wood":1,"minecraft:white_carpet":2,"minecraft:acacia_stairs":1,"minecraft:birch_leaves":1,"minecraft:brewing_stand":1,"minecraft:crafting_table":4,"minecraft:blast_furnace":1,"minecraft:bookshelf":8,"minecraft:chest":2,"minecraft:lectern":1,"minecraft:stone":14,"minecraft:sugar_cane":4,"minecraft:orange_carpet":2,"minecraft:orange_bed":1}},"DataVersion":3337}