{"stats":{"minecraft:used":{"minecraft:birch_planks":2,"minecraft:stone_pickaxe":68,"minecraft:wooden_pickaxe":3,"minecraft:chest":3,"minecraft:birch_boat":4,"minecraft:iron_sword":6,"minecraft:crafting_table":6,"minecraft:wooden_axe":7,"minecraft:bread":6,"minecraft:red_terracotta":1,"minecraft:stone_axe":35,"minecraft:cobblestone":1,"minecraft:porkchop":2},"minecraft:killed":{"minecraft:pig":3,"minecraft:villager":1},"minecraft:killed_by":{"minecraft:iron_golem":1},"minecraft:picked_up":{"minecraft:birch_log":8,"minecraft:crafting_table":3,"minecraft:orange_carpet":2,"minecraft:acacia_wood":1,"minecraft:oak_log":4,"minecraft:brewing_stand":2,"minecraft:red_bed":2,"minecraft:raw_copper":3,"minecraft:white_carpet":2,"minecraft:wheat_seeds":1,"minecraft:grindstone":1,"minecraft:lectern":1,"minecraft:sugar_cane":7,"minecraft:chest":3,"minecraft:book":24,"minecraft:raw_iron":1,"minecraft:birch_boat":4,"minecraft:acacia_log":2,"minecraft:porkchop":5,"minecraft:blast_furnace":1,"minecraft:acacia_stairs":1,"minecraft:red_terracotta":2,"minecraft:orange_bed":2,"minecraft:yellow_terracotta":1,"minecraft:cobblestone":58},"minecraft:custom":{"minecraft:mob_kills":4,"minecraft:interact_with_crafting_table":9,"minecraft:leave_game":1,"minecraft:time_since_death":1001,"minecraft:time_since_rest":1027,"minecraft:sprint_one_cm":44847,"minecraft:damage_taken":598,"minecraft:walk_one_cm":20263,"minecraft:drop":2,"minecraft:damage_dealt":842,"minecraft:swim_one_cm":10711,"minecraft:talked_to_villager":3,"minecraft:fly_one_cm":80631,"minecraft:open_chest":14,"minecraft:crouch_one_cm":241,"minecraft:play_time":23635,"minecraft:deaths":1,"minecraft:sneak_time":427,"minecraft:walk_under_water_one_cm":1886,"minecraft:boat_one_cm":380819,"minecraft:jump":338,"minecraft:walk_on_water_one_cm":1586,"minecraft:total_world_time":23635,"minecraft:fall_one_cm":9078},"minecraft:dropped":{"minecraft:acacia_wood":1,"minecraft:acacia_stairs":1},"minecraft:crafted":{"minecraft:oak_planks":16,"minecraft:crafting_table":3,"minecraft:birch_boat":1,"minecraft:wooden_pickaxe":3,"minecraft:birch_planks":32,"minecraft:stone_axe":1,"minecraft:stick":24,"minecraft:stone_pickaxe":1,"minecraft:wooden_axe":2},"minecraft:mined":{"minecraft:yellow_terracotta":1,"minecraft:red_bed":2,"minecraft:brewing_stand":2,"minecraft:crafting_table":4,"minecraft:blast_furnace":1,"minecraft:acacia_log":2,"minecraft:chest":3,"minecraft:lectern":1,"minecraft:copper_ore":1,"minecraft:grindstone":1,"minecraft:sugar_cane":4,"minecraft:orange_carpet":2,"minecraft:red_terracotta":2,"minecraft:birch_log":8,"minecraft:iron_ore":1,"minecraft:acacia_wood":1,"minecraft:white_carpet":2,"minecraft:acacia_stairs":1,"minecraft:birch_leaves":1,"minecraft:grass":1,"minecraft:bookshelf":8,"minecraft:oak_log":4,"minecraft:dirt":1,"minecraft:stone":61,"minecraft:oak_leaves":3,"minecraft:orange_bed":2}},"DataVersion":3337}