{"stats":{"minecraft:used":{"minecraft:stone_shovel":171,"minecraft:chest":3,"minecraft:iron_sword":62,"minecraft:stone_hoe":69,"minecraft:netherrack":1,"minecraft:dirt":286,"minecraft:granite":2,"minecraft:wooden_axe":13,"minecraft:iron_axe":1,"minecraft:iron_helmet":1,"minecraft:furnace":1,"minecraft:cobbled_deepslate":5,"minecraft:diorite":6,"minecraft:birch_planks":2,"minecraft:stone_pickaxe":449,"minecraft:oak_planks":4,"minecraft:birch_boat":5,"minecraft:wooden_pickaxe":9,"minecraft:crafting_table":13,"minecraft:red_bed":1,"minecraft:white_bed":1,"minecraft:acacia_door":1,"minecraft:bread":27,"minecraft:iron_pickaxe":1,"minecraft:red_terracotta":1,"minecraft:stone_axe":57,"minecraft:cobblestone":258,"minecraft:porkchop":2,"minecraft:andesite":4,"minecraft:yellow_bed":2,"minecraft:oak_boat":1,"minecraft:golden_pickaxe":32},"minecraft:killed":{"minecraft:cave_spider":1,"minecraft:spider":1,"minecraft:skeleton":1,"minecraft:pig":3,"minecraft:zombie":5,"minecraft:villager":1,"minecraft:cow":1,"minecraft:enderman":2},"minecraft:killed_by":{"minecraft:iron_golem":2},"minecraft:picked_up":{"minecraft:wooden_axe":1,"minecraft:crafting_table":11,"minecraft:iron_chestplate":1,"minecraft:wheat":52,"minecraft:wooden_pickaxe":2,"minecraft:brewing_stand":2,"minecraft:string":1,"minecraft:red_bed":3,"minecraft:raw_copper":6,"minecraft:smooth_stone_slab":2,"minecraft:white_carpet":4,"minecraft:cobbled_deepslate":5,"minecraft:beef":1,"minecraft:lectern":1,"minecraft:sugar_cane":28,"minecraft:chest":3,"minecraft:furnace":1,"minecraft:golden_helmet":1,"minecraft:raw_iron":74,"minecraft:acacia_log":4,"minecraft:porkchop":9,"minecraft:diorite":8,"minecraft:orange_bed":2,"minecraft:rotten_flesh":9,"minecraft:arrow":1,"minecraft:stone_shovel":1,"minecraft:beetroot_seeds":1,"minecraft:hay_block":15,"minecraft:yellow_terracotta":1,"minecraft:cobblestone":384,"minecraft:birch_log":14,"minecraft:andesite":8,"minecraft:orange_carpet":4,"minecraft:leather":2,"minecraft:golden_leggings":1,"minecraft:acacia_wood":3,"minecraft:birch_planks":2,"minecraft:oak_log":15,"minecraft:yellow_bed":2,"minecraft:dirt":177,"minecraft:map":1,"minecraft:bone":1,"minecraft:apple":2,"minecraft:wheat_seeds":1,"minecraft:grindstone":1,"minecraft:stone_pickaxe":4,"minecraft:iron_ingot":5,"minecraft:oak_planks":1,"minecraft:iron_sword":2,"minecraft:book":49,"minecraft:birch_boat":6,"minecraft:blast_furnace":1,"minecraft:white_bed":2,"minecraft:acacia_stairs":1,"minecraft:red_terracotta":2,"minecraft:granite":2,"minecraft:bread":46,"minecraft:coal":27,"minecraft:melon_seeds":1,"minecraft:netherrack":1},"minecraft:custom":{"minecraft:mob_kills":15,"minecraft:interact_with_crafting_table":36,"minecraft:bell_ring":2,"minecraft:leave_game":1,"minecraft:time_since_death":52648,"minecraft:sprint_one_cm":153282,"minecraft:walk_one_cm":125457,"minecraft:drop":15,"minecraft:talked_to_villager":5,"minecraft:play_time":83635,"minecraft:sneak_time":6258,"minecraft:deaths":2,"minecraft:walk_under_water_one_cm":8743,"minecraft:boat_one_cm":735865,"minecraft:jump":1350,"minecraft:walk_on_water_one_cm":8973,"minecraft:total_world_time":83635,"minecraft:interact_with_furnace":9,"minecraft:sleep_in_bed":2,"minecraft:time_since_rest":41794,"minecraft:damage_taken":2064,"minecraft:damage_dealt":3664,"minecraft:swim_one_cm":34928,"minecraft:fly_one_cm":226362,"minecraft:open_chest":38,"minecraft:crouch_one_cm":13064,"minecraft:fall_one_cm":40316},"minecraft:broken":{"minecraft:stone_pickaxe":1,"minecraft:golden_pickaxe":1},"minecraft:dropped":{"minecraft:acacia_wood":3,"minecraft:orange_carpet":2,"minecraft:sugar_cane":12,"minecraft:smooth_stone_slab":2,"minecraft:raw_iron":1,"minecraft:stone_shovel":1,"minecraft:white_carpet":2,"minecraft:rotten_flesh":5,"minecraft:acacia_stairs":1,"minecraft:beetroot_seeds":1,"minecraft:melon_seeds":1,"minecraft:stone_pickaxe":1,"minecraft:wooden_pickaxe":1},"minecraft:crafted":{"minecraft:oak_planks":72,"minecraft:stone_shovel":2,"minecraft:birch_boat":2,"minecraft:furnace":1,"minecraft:iron_axe":1,"minecraft:stone_pickaxe":10,"minecraft:stone_hoe":1,"minecraft:wheat":135,"minecraft:crafting_table":5,"minecraft:wooden_pickaxe":4,"minecraft:iron_helmet":1,"minecraft:birch_planks":56,"minecraft:stone_axe":3,"minecraft:bread":35,"minecraft:air":0,"minecraft:oak_boat":2,"minecraft:wooden_hoe":1,"minecraft:stick":68,"minecraft:iron_ingot":6,"minecraft:iron_pickaxe":1,"minecraft:wooden_axe":3,"minecraft:stone_sword":1,"minecraft:acacia_door":3,"minecraft:acacia_planks":8},"minecraft:mined":{"minecraft:yellow_terracotta":1,"minecraft:white_bed":1,"minecraft:farmland":3,"minecraft:brewing_stand":2,"minecraft:granite":2,"minecraft:acacia_log":2,"minecraft:grass_block":45,"minecraft:spawner":1,"minecraft:hay_block":16,"minecraft:furnace":1,"minecraft:iron_ore":8,"minecraft:cobbled_deepslate":1,"minecraft:acacia_wood":1,"minecraft:acacia_stairs":1,"minecraft:andesite":8,"minecraft:bookshelf":8,"minecraft:deepslate_iron_ore":33,"minecraft:dirt_path":24,"minecraft:stone":349,"minecraft:orange_bed":2,"minecraft:glass_pane":2,"minecraft:red_bed":2,"minecraft:crafting_table":12,"minecraft:blast_furnace":1,"minecraft:chest":3,"minecraft:lectern":1,"minecraft:copper_ore":1,"minecraft:tall_grass":2,"minecraft:cobblestone":37,"minecraft:grindstone":1,"minecraft:sugar_cane":9,"minecraft:oak_planks":1,"minecraft:diorite":8,"minecraft:orange_carpet":2,"minecraft:birch_planks":1,"minecraft:red_terracotta":2,"minecraft:birch_log":14,"minecraft:white_carpet":2,"minecraft:birch_leaves":1,"minecraft:yellow_bed":2,"minecraft:smooth_stone_slab":1,"minecraft:grass":7,"minecraft:oak_log":15,"minecraft:coal_ore":14,"minecraft:dirt":102,"minecraft:cobweb":2,"minecraft:netherrack":1,"minecraft:oak_leaves":4,"minecraft:deepslate":4}},"DataVersion":3337}