{"stats":{"minecraft:broken":{"minecraft:stone_pickaxe":1,"minecraft:golden_pickaxe":1},"minecraft:used":{"minecraft:iron_shovel":148,"minecraft:flint_and_steel":1,"minecraft:stone_shovel":176,"minecraft:chest":3,"minecraft:iron_sword":103,"minecraft:stone_hoe":69,"minecraft:netherrack":109,"minecraft:dirt":313,"minecraft:tuff":38,"minecraft:granite":3,"minecraft:obsidian":10,"minecraft:wooden_axe":13,"minecraft:iron_axe":2,"minecraft:iron_helmet":1,"minecraft:furnace":2,"minecraft:cobbled_deepslate":40,"minecraft:diorite":13,"minecraft:birch_planks":2,"minecraft:stone_pickaxe":449,"minecraft:oak_planks":26,"minecraft:wooden_pickaxe":9,"minecraft:birch_boat":5,"minecraft:diamond_axe":2,"minecraft:crafting_table":13,"minecraft:red_bed":1,"minecraft:birch_sign":3,"minecraft:white_bed":1,"minecraft:diamond_pickaxe":240,"minecraft:acacia_door":1,"minecraft:bread":66,"minecraft:iron_pickaxe":122,"minecraft:red_terracotta":1,"minecraft:gravel":2,"minecraft:stone_axe":57,"minecraft:cobblestone":288,"minecraft:porkchop":2,"minecraft:bucket":1,"minecraft:andesite":7,"minecraft:yellow_bed":2,"minecraft:oak_boat":1,"minecraft:bone_meal":1,"minecraft:golden_pickaxe":32},"minecraft:killed_by":{"minecraft:iron_golem":2,"minecraft:piglin":1},"minecraft:custom":{"minecraft:mob_kills":20,"minecraft:interact_with_crafting_table":55,"minecraft:bell_ring":2,"minecraft:leave_game":8,"minecraft:time_since_death":85,"minecraft:climb_one_cm":272,"minecraft:sprint_one_cm":311310,"minecraft:walk_one_cm":192353,"minecraft:drop":19,"minecraft:talked_to_villager":5,"minecraft:play_time":133608,"minecraft:sneak_time":10767,"minecraft:deaths":3,"minecraft:walk_under_water_one_cm":10029,"minecraft:boat_one_cm":735865,"minecraft:jump":2753,"minecraft:walk_on_water_one_cm":16039,"minecraft:total_world_time":133608,"minecraft:interact_with_furnace":23,"minecraft:sleep_in_bed":2,"minecraft:time_since_rest":109,"minecraft:damage_taken":4075,"minecraft:damage_dealt":5712,"minecraft:swim_one_cm":60273,"minecraft:player_kills":1,"minecraft:fly_one_cm":480759,"minecraft:open_chest":70,"minecraft:crouch_one_cm":27932,"minecraft:fall_one_cm":85055},"minecraft:killed":{"minecraft:cave_spider":1,"minecraft:spider":1,"minecraft:skeleton":2,"minecraft:pig":3,"minecraft:iron_golem":1,"minecraft:sheep":1,"minecraft:zombie":5,"minecraft:glow_squid":2,"minecraft:villager":1,"minecraft:cow":1,"minecraft:enderman":2},"minecraft:mined":{"minecraft:yellow_terracotta":1,"minecraft:tuff":34,"minecraft:white_bed":1,"minecraft:farmland":3,"minecraft:deepslate_diamond_ore":7,"minecraft:brewing_stand":2,"minecraft:obsidian":5,"minecraft:granite":3,"minecraft:acacia_log":2,"minecraft:grass_block":119,"minecraft:spawner":1,"minecraft:weeping_vines_plant":1,"minecraft:hay_block":16,"minecraft:magma_block":5,"minecraft:furnace":1,"minecraft:iron_ore":33,"minecraft:cobbled_deepslate":1,"minecraft:acacia_wood":1,"minecraft:acacia_stairs":1,"minecraft:andesite":11,"minecraft:bookshelf":8,"minecraft:deepslate_iron_ore":34,"minecraft:dirt_path":39,"minecraft:oak_stairs":1,"minecraft:birch_wall_sign":1,"minecraft:stone":368,"minecraft:orange_bed":2,"minecraft:glass_pane":2,"minecraft:red_bed":2,"minecraft:crimson_nylium":3,"minecraft:crafting_table":12,"minecraft:blast_furnace":1,"minecraft:chest":3,"minecraft:lectern":1,"minecraft:tall_grass":4,"minecraft:copper_ore":1,"minecraft:cobblestone":37,"minecraft:deepslate_gold_ore":1,"minecraft:grindstone":1,"minecraft:sugar_cane":11,"minecraft:oak_planks":1,"minecraft:diorite":13,"minecraft:orange_carpet":2,"minecraft:birch_planks":1,"minecraft:red_terracotta":2,"minecraft:nether_wart_block":1,"minecraft:birch_log":14,"minecraft:white_carpet":2,"minecraft:birch_leaves":1,"minecraft:yellow_bed":2,"minecraft:smooth_stone_slab":1,"minecraft:grass":10,"minecraft:oak_log":15,"minecraft:coal_ore":14,"minecraft:gravel":2,"minecraft:dirt":163,"minecraft:cobweb":2,"minecraft:netherrack":240,"minecraft:oak_leaves":7,"minecraft:deepslate":13},"minecraft:dropped":{"minecraft:acacia_wood":3,"minecraft:orange_carpet":2,"minecraft:sugar_cane":12,"minecraft:cobbled_deepslate":4,"minecraft:smooth_stone_slab":2,"minecraft:raw_iron":1,"minecraft:stone_shovel":1,"minecraft:white_carpet":2,"minecraft:rotten_flesh":9,"minecraft:oak_planks":2,"minecraft:acacia_stairs":1,"minecraft:beetroot_seeds":1,"minecraft:andesite":4,"minecraft:melon_seeds":1,"minecraft:wooden_pickaxe":1,"minecraft:stone_pickaxe":1},"minecraft:picked_up":{"minecraft:wooden_axe":1,"minecraft:crafting_table":12,"minecraft:iron_chestplate":1,"minecraft:wheat":52,"minecraft:wooden_pickaxe":2,"minecraft:oak_stairs":1,"minecraft:enchanted_book":1,"minecraft:brewing_stand":2,"minecraft:string":1,"minecraft:red_bed":3,"minecraft:raw_copper":6,"minecraft:smooth_stone_slab":2,"minecraft:iron_leggings":1,"minecraft:white_carpet":4,"minecraft:cobbled_deepslate":112,"minecraft:detector_rail":4,"minecraft:beef":1,"minecraft:lectern":1,"minecraft:sugar_cane":33,"minecraft:chest":3,"minecraft:furnace":1,"minecraft:iron_boots":1,"minecraft:golden_helmet":2,"minecraft:stick":32,"minecraft:raw_iron":100,"minecraft:torch":53,"minecraft:acacia_log":4,"minecraft:porkchop":9,"minecraft:diorite":13,"minecraft:iron_horse_armor":1,"minecraft:orange_bed":2,"minecraft:weeping_vines":2,"minecraft:rotten_flesh":20,"minecraft:arrow":4,"minecraft:stone_shovel":2,"minecraft:beetroot_seeds":1,"minecraft:hay_block":15,"minecraft:yellow_terracotta":1,"minecraft:saddle":1,"minecraft:obsidian":10,"minecraft:cobblestone":405,"minecraft:rail":8,"minecraft:birch_log":14,"minecraft:magma_block":5,"minecraft:andesite":11,"minecraft:orange_carpet":4,"minecraft:leather":2,"minecraft:golden_leggings":1,"minecraft:acacia_wood":3,"minecraft:birch_planks":2,"minecraft:oak_log":52,"minecraft:tuff":38,"minecraft:yellow_bed":3,"minecraft:nether_wart_block":1,"minecraft:gunpowder":2,"minecraft:map":1,"minecraft:dirt":324,"minecraft:name_tag":4,"minecraft:bone":25,"minecraft:apple":2,"minecraft:wheat_seeds":3,"minecraft:raw_gold":1,"minecraft:stone_pickaxe":5,"minecraft:grindstone":1,"minecraft:iron_ingot":21,"minecraft:powered_rail":5,"minecraft:iron_sword":2,"minecraft:oak_planks":3,"minecraft:book":49,"minecraft:birch_boat":6,"minecraft:music_disc_13":1,"minecraft:gravel":2,"minecraft:blast_furnace":1,"minecraft:white_bed":2,"minecraft:acacia_stairs":1,"minecraft:red_terracotta":2,"minecraft:pumpkin_seeds":4,"minecraft:diamond":9,"minecraft:stone_axe":2,"minecraft:iron_helmet":1,"minecraft:granite":3,"minecraft:birch_sign":1,"minecraft:bread":46,"minecraft:melon_seeds":1,"minecraft:netherrack":242,"minecraft:coal":27},"minecraft:crafted":{"minecraft:oak_planks":72,"minecraft:stone_shovel":2,"minecraft:birch_boat":2,"minecraft:furnace":1,"minecraft:bone_meal":72,"minecraft:iron_axe":1,"minecraft:stone_pickaxe":10,"minecraft:stone_hoe":1,"minecraft:wheat":135,"minecraft:diamond_axe":1,"minecraft:crafting_table":5,"minecraft:iron_helmet":1,"minecraft:wooden_pickaxe":4,"minecraft:bucket":1,"minecraft:birch_planks":56,"minecraft:stone_axe":3,"minecraft:bread":35,"minecraft:air":0,"minecraft:oak_boat":2,"minecraft:wooden_hoe":1,"minecraft:diamond_pickaxe":1,"minecraft:shield":1,"minecraft:stick":68,"minecraft:iron_ingot":55,"minecraft:iron_pickaxe":1,"minecraft:wooden_axe":3,"minecraft:stone_sword":1,"minecraft:iron_shovel":1,"minecraft:acacia_door":3,"minecraft:acacia_planks":8}},"DataVersion":3337}