{"stats":{"minecraft:broken":{"minecraft:stone_pickaxe":1,"minecraft:iron_sword":1,"minecraft:golden_pickaxe":1},"minecraft:used":{"minecraft:iron_shovel":148,"minecraft:flint_and_steel":1,"minecraft:stone_shovel":176,"minecraft:bone_block":1,"minecraft:chest":3,"minecraft:iron_sword":285,"minecraft:stone_hoe":69,"minecraft:netherrack":109,"minecraft:dirt":313,"minecraft:tuff":38,"minecraft:granite":3,"minecraft:obsidian":10,"minecraft:wooden_axe":13,"minecraft:iron_axe":2,"minecraft:iron_helmet":1,"minecraft:magma_block":5,"minecraft:golden_carrot":4,"minecraft:furnace":2,"minecraft:cobbled_deepslate":40,"minecraft:diorite":13,"minecraft:birch_planks":2,"minecraft:oak_planks":26,"minecraft:stone_pickaxe":449,"minecraft:wooden_pickaxe":9,"minecraft:birch_boat":5,"minecraft:diamond_axe":27,"minecraft:red_bed":1,"minecraft:crafting_table":13,"minecraft:birch_sign":3,"minecraft:crossbow":5,"minecraft:white_bed":1,"minecraft:diamond_pickaxe":240,"minecraft:acacia_door":1,"minecraft:bread":69,"minecraft:iron_pickaxe":155,"minecraft:red_terracotta":1,"minecraft:gravel":2,"minecraft:stone_axe":57,"minecraft:cobblestone":288,"minecraft:cooked_porkchop":1,"minecraft:porkchop":2,"minecraft:andesite":7,"minecraft:bucket":1,"minecraft:yellow_bed":2,"minecraft:oak_boat":1,"minecraft:golden_pickaxe":32,"minecraft:bone_meal":1},"minecraft:killed_by":{"minecraft:piglin_brute":2,"minecraft:iron_golem":2,"minecraft:piglin":1},"minecraft:custom":{"minecraft:mob_kills":58,"minecraft:interact_with_crafting_table":55,"minecraft:bell_ring":2,"minecraft:leave_game":8,"minecraft:time_since_death":4767,"minecraft:climb_one_cm":272,"minecraft:sprint_one_cm":329592,"minecraft:walk_one_cm":211196,"minecraft:drop":19,"minecraft:talked_to_villager":5,"minecraft:play_time":150640,"minecraft:sneak_time":11272,"minecraft:deaths":5,"minecraft:walk_under_water_one_cm":10783,"minecraft:boat_one_cm":735865,"minecraft:jump":2885,"minecraft:walk_on_water_one_cm":16211,"minecraft:total_world_time":150640,"minecraft:interact_with_furnace":23,"minecraft:sleep_in_bed":2,"minecraft:time_since_rest":4792,"minecraft:damage_taken":5353,"minecraft:damage_dealt":15024,"minecraft:swim_one_cm":60273,"minecraft:player_kills":1,"minecraft:fly_one_cm":1276579,"minecraft:open_chest":83,"minecraft:crouch_one_cm":29802,"minecraft:fall_one_cm":97157},"minecraft:killed":{"minecraft:cave_spider":1,"minecraft:zombified_piglin":5,"minecraft:spider":1,"minecraft:skeleton":2,"minecraft:piglin_brute":5,"minecraft:piglin":14,"minecraft:pig":3,"minecraft:iron_golem":1,"minecraft:hoglin":2,"minecraft:sheep":1,"minecraft:zombie":5,"minecraft:ghast":3,"minecraft:glow_squid":2,"minecraft:villager":1,"minecraft:enderman":2,"minecraft:cow":1},"minecraft:mined":{"minecraft:yellow_terracotta":1,"minecraft:tuff":34,"minecraft:white_bed":1,"minecraft:farmland":3,"minecraft:deepslate_diamond_ore":7,"minecraft:brewing_stand":2,"minecraft:obsidian":5,"minecraft:granite":3,"minecraft:acacia_log":2,"minecraft:grass_block":119,"minecraft:cracked_polished_blackstone_bricks":1,"minecraft:spawner":1,"minecraft:polished_blackstone_bricks":2,"minecraft:hay_block":16,"minecraft:weeping_vines_plant":1,"minecraft:magma_block":5,"minecraft:furnace":1,"minecraft:fire":3,"minecraft:iron_ore":33,"minecraft:cobbled_deepslate":1,"minecraft:acacia_wood":1,"minecraft:acacia_stairs":1,"minecraft:andesite":11,"minecraft:gold_block":18,"minecraft:bookshelf":8,"minecraft:dirt_path":39,"minecraft:deepslate_iron_ore":34,"minecraft:oak_stairs":1,"minecraft:birch_wall_sign":1,"minecraft:stone":368,"minecraft:orange_bed":2,"minecraft:glass_pane":2,"minecraft:red_bed":2,"minecraft:blackstone":4,"minecraft:crimson_nylium":3,"minecraft:basalt":2,"minecraft:crafting_table":12,"minecraft:blast_furnace":1,"minecraft:chest":4,"minecraft:lectern":1,"minecraft:copper_ore":1,"minecraft:tall_grass":4,"minecraft:cobblestone":37,"minecraft:deepslate_gold_ore":1,"minecraft:grindstone":1,"minecraft:sugar_cane":11,"minecraft:oak_planks":1,"minecraft:diorite":13,"minecraft:orange_carpet":2,"minecraft:birch_planks":1,"minecraft:red_terracotta":2,"minecraft:nether_wart_block":1,"minecraft:birch_log":14,"minecraft:white_carpet":2,"minecraft:birch_leaves":1,"minecraft:yellow_bed":2,"minecraft:smooth_stone_slab":1,"minecraft:grass":10,"minecraft:oak_log":15,"minecraft:coal_ore":14,"minecraft:gravel":2,"minecraft:dirt":163,"minecraft:cobweb":2,"minecraft:netherrack":240,"minecraft:oak_leaves":7,"minecraft:deepslate":13},"minecraft:dropped":{"minecraft:acacia_wood":3,"minecraft:orange_carpet":2,"minecraft:sugar_cane":12,"minecraft:cobbled_deepslate":4,"minecraft:smooth_stone_slab":2,"minecraft:raw_iron":1,"minecraft:stone_shovel":1,"minecraft:white_carpet":2,"minecraft:rotten_flesh":9,"minecraft:oak_planks":2,"minecraft:acacia_stairs":1,"minecraft:beetroot_seeds":1,"minecraft:andesite":4,"minecraft:melon_seeds":1,"minecraft:wooden_pickaxe":1,"minecraft:stone_pickaxe":1},"minecraft:picked_up":{"minecraft:wooden_axe":1,"minecraft:crafting_table":12,"minecraft:iron_chestplate":3,"minecraft:wheat":52,"minecraft:wooden_pickaxe":2,"minecraft:oak_stairs":1,"minecraft:gold_block":37,"minecraft:enchanted_book":1,"minecraft:chain":5,"minecraft:brewing_stand":2,"minecraft:shield":1,"minecraft:string":11,"minecraft:red_bed":3,"minecraft:raw_copper":6,"minecraft:iron_axe":2,"minecraft:smooth_stone_slab":2,"minecraft:iron_leggings":3,"minecraft:white_carpet":4,"minecraft:blackstone":4,"minecraft:gold_nugget":41,"minecraft:cobbled_deepslate":116,"minecraft:detector_rail":4,"minecraft:beef":1,"minecraft:iron_nugget":15,"minecraft:iron_pickaxe":3,"minecraft:lectern":1,"minecraft:sugar_cane":33,"minecraft:chest":5,"minecraft:furnace":1,"minecraft:iron_boots":3,"minecraft:golden_helmet":8,"minecraft:stick":32,"minecraft:raw_iron":100,"minecraft:torch":106,"minecraft:acacia_log":4,"minecraft:porkchop":27,"minecraft:polished_blackstone_bricks":2,"minecraft:diorite":13,"minecraft:iron_horse_armor":1,"minecraft:orange_bed":2,"minecraft:weeping_vines":2,"minecraft:arrow":90,"minecraft:rotten_flesh":22,"minecraft:stone_shovel":2,"minecraft:beetroot_seeds":1,"minecraft:hay_block":15,"minecraft:iron_block":1,"minecraft:yellow_terracotta":1,"minecraft:saddle":1,"minecraft:gold_ingot":8,"minecraft:obsidian":42,"minecraft:cobblestone":405,"minecraft:rail":8,"minecraft:birch_log":14,"minecraft:magma_block":20,"minecraft:basalt":1,"minecraft:magma_cream":11,"minecraft:golden_carrot":20,"minecraft:andesite":11,"minecraft:orange_carpet":4,"minecraft:leather":4,"minecraft:golden_leggings":1,"minecraft:acacia_wood":3,"minecraft:birch_planks":2,"minecraft:flint":4,"minecraft:oak_log":52,"minecraft:tuff":38,"minecraft:golden_boots":1,"minecraft:yellow_bed":3,"minecraft:nether_wart_block":3,"minecraft:gunpowder":2,"minecraft:map":1,"minecraft:dirt":344,"minecraft:name_tag":4,"minecraft:bone":41,"minecraft:apple":2,"minecraft:wheat_seeds":3,"minecraft:raw_gold":2,"minecraft:grindstone":1,"minecraft:iron_ingot":22,"minecraft:stone_pickaxe":5,"minecraft:powered_rail":5,"minecraft:soul_sand":8,"minecraft:iron_sword":7,"minecraft:oak_planks":3,"minecraft:book":49,"minecraft:cooked_porkchop":2,"minecraft:birch_boat":6,"minecraft:music_disc_13":1,"minecraft:gravel":2,"minecraft:crying_obsidian":10,"minecraft:blast_furnace":1,"minecraft:white_bed":2,"minecraft:spectral_arrow":45,"minecraft:acacia_stairs":1,"minecraft:red_terracotta":2,"minecraft:pumpkin_seeds":4,"minecraft:diamond":9,"minecraft:stone_axe":2,"minecraft:crossbow":2,"minecraft:iron_helmet":1,"minecraft:bone_meal":14,"minecraft:diamond_axe":1,"minecraft:granite":3,"minecraft:birch_sign":1,"minecraft:bread":86,"minecraft:netherrack":242,"minecraft:melon_seeds":1,"minecraft:coal":27},"minecraft:crafted":{"minecraft:oak_planks":72,"minecraft:stone_shovel":2,"minecraft:birch_boat":2,"minecraft:furnace":1,"minecraft:bone_meal":72,"minecraft:iron_axe":1,"minecraft:stone_pickaxe":10,"minecraft:stone_hoe":1,"minecraft:wheat":135,"minecraft:diamond_axe":1,"minecraft:crafting_table":5,"minecraft:iron_helmet":1,"minecraft:wooden_pickaxe":4,"minecraft:bucket":1,"minecraft:birch_planks":56,"minecraft:stone_axe":3,"minecraft:bread":35,"minecraft:air":0,"minecraft:oak_boat":2,"minecraft:wooden_hoe":1,"minecraft:diamond_pickaxe":1,"minecraft:shield":1,"minecraft:stick":68,"minecraft:iron_ingot":55,"minecraft:iron_pickaxe":1,"minecraft:wooden_axe":3,"minecraft:stone_sword":1,"minecraft:iron_shovel":1,"minecraft:acacia_door":3,"minecraft:acacia_planks":8}},"DataVersion":3337}