{"stats":{"minecraft:used":{"minecraft:birch_planks":2,"minecraft:stone_shovel":123,"minecraft:stone_pickaxe":110,"minecraft:oak_planks":4,"minecraft:wooden_pickaxe":9,"minecraft:chest":3,"minecraft:birch_boat":5,"minecraft:iron_sword":8,"minecraft:stone_hoe":8,"minecraft:dirt":49,"minecraft:crafting_table":12,"minecraft:red_bed":1,"minecraft:wooden_axe":13,"minecraft:bread":8,"minecraft:iron_helmet":1,"minecraft:red_terracotta":1,"minecraft:stone_axe":47,"minecraft:cobblestone":4,"minecraft:porkchop":2,"minecraft:oak_boat":1},"minecraft:killed":{"minecraft:pig":3,"minecraft:villager":1},"minecraft:killed_by":{"minecraft:iron_golem":2},"minecraft:picked_up":{"minecraft:wooden_axe":1,"minecraft:birch_log":14,"minecraft:iron_chestplate":1,"minecraft:crafting_table":10,"minecraft:wheat":52,"minecraft:orange_carpet":4,"minecraft:wooden_pickaxe":2,"minecraft:acacia_wood":2,"minecraft:birch_planks":1,"minecraft:oak_log":7,"minecraft:brewing_stand":2,"minecraft:yellow_bed":2,"minecraft:map":1,"minecraft:dirt":125,"minecraft:red_bed":3,"minecraft:raw_copper":6,"minecraft:smooth_stone_slab":2,"minecraft:white_carpet":4,"minecraft:apple":2,"minecraft:wheat_seeds":1,"minecraft:iron_ingot":5,"minecraft:stone_pickaxe":1,"minecraft:grindstone":1,"minecraft:lectern":1,"minecraft:sugar_cane":19,"minecraft:chest":3,"minecraft:iron_sword":2,"minecraft:oak_planks":1,"minecraft:book":49,"minecraft:raw_iron":2,"minecraft:birch_boat":5,"minecraft:acacia_log":4,"minecraft:porkchop":5,"minecraft:blast_furnace":1,"minecraft:white_bed":2,"minecraft:acacia_stairs":1,"minecraft:red_terracotta":2,"minecraft:orange_bed":2,"minecraft:rotten_flesh":5,"minecraft:hay_block":15,"minecraft:yellow_terracotta":1,"minecraft:melon_seeds":1,"minecraft:coal":14,"minecraft:cobblestone":87},"minecraft:custom":{"minecraft:mob_kills":4,"minecraft:interact_with_crafting_table":25,"minecraft:bell_ring":2,"minecraft:leave_game":1,"minecraft:time_since_death":16648,"minecraft:sleep_in_bed":2,"minecraft:time_since_rest":5794,"minecraft:sprint_one_cm":82148,"minecraft:damage_taken":1158,"minecraft:walk_one_cm":46879,"minecraft:drop":8,"minecraft:damage_dealt":1164,"minecraft:swim_one_cm":16243,"minecraft:talked_to_villager":4,"minecraft:fly_one_cm":136986,"minecraft:open_chest":25,"minecraft:crouch_one_cm":1229,"minecraft:play_time":47635,"minecraft:deaths":2,"minecraft:sneak_time":1076,"minecraft:walk_under_water_one_cm":2928,"minecraft:boat_one_cm":735865,"minecraft:jump":620,"minecraft:walk_on_water_one_cm":2625,"minecraft:total_world_time":47635,"minecraft:fall_one_cm":17796},"minecraft:dropped":{"minecraft:acacia_wood":1,"minecraft:sugar_cane":12,"minecraft:raw_iron":1,"minecraft:rotten_flesh":5,"minecraft:acacia_stairs":1,"minecraft:orange_carpet":2,"minecraft:melon_seeds":1,"minecraft:wooden_pickaxe":1},"minecraft:crafted":{"minecraft:oak_planks":40,"minecraft:stone_shovel":1,"minecraft:crafting_table":4,"minecraft:birch_boat":2,"minecraft:wooden_pickaxe":4,"minecraft:iron_helmet":1,"minecraft:birch_planks":56,"minecraft:stone_axe":3,"minecraft:bread":17,"minecraft:oak_boat":2,"minecraft:wooden_hoe":1,"minecraft:stick":32,"minecraft:stone_pickaxe":4,"minecraft:wooden_axe":3,"minecraft:acacia_planks":8,"minecraft:stone_hoe":1,"minecraft:wheat":81},"minecraft:mined":{"minecraft:yellow_terracotta":1,"minecraft:white_bed":1,"minecraft:glass_pane":2,"minecraft:red_bed":2,"minecraft:brewing_stand":2,"minecraft:crafting_table":11,"minecraft:blast_furnace":1,"minecraft:acacia_log":2,"minecraft:grass_block":45,"minecraft:chest":3,"minecraft:lectern":1,"minecraft:tall_grass":1,"minecraft:cobblestone":2,"minecraft:copper_ore":1,"minecraft:grindstone":1,"minecraft:oak_planks":1,"minecraft:sugar_cane":4,"minecraft:orange_carpet":2,"minecraft:hay_block":16,"minecraft:red_terracotta":2,"minecraft:birch_log":14,"minecraft:iron_ore":1,"minecraft:acacia_wood":1,"minecraft:white_carpet":2,"minecraft:acacia_stairs":1,"minecraft:birch_leaves":1,"minecraft:yellow_bed":2,"minecraft:smooth_stone_slab":1,"minecraft:grass":6,"minecraft:bookshelf":8,"minecraft:coal_ore":14,"minecraft:oak_log":7,"minecraft:dirt_path":21,"minecraft:dirt":60,"minecraft:stone":86,"minecraft:oak_leaves":4,"minecraft:orange_bed":2}},"DataVersion":3337}