{"stats":{"minecraft:used":{"minecraft:birch_planks":2,"minecraft:stone_shovel":168,"minecraft:stone_pickaxe":401,"minecraft:oak_planks":4,"minecraft:wooden_pickaxe":9,"minecraft:chest":3,"minecraft:birch_boat":5,"minecraft:iron_sword":19,"minecraft:stone_hoe":69,"minecraft:dirt":154,"minecraft:crafting_table":12,"minecraft:red_bed":1,"minecraft:white_bed":1,"minecraft:wooden_axe":13,"minecraft:acacia_door":1,"minecraft:bread":19,"minecraft:iron_helmet":1,"minecraft:red_terracotta":1,"minecraft:stone_axe":48,"minecraft:cobblestone":209,"minecraft:porkchop":2,"minecraft:yellow_bed":2,"minecraft:oak_boat":1,"minecraft:golden_pickaxe":3},"minecraft:killed":{"minecraft:pig":3,"minecraft:villager":1,"minecraft:cow":1},"minecraft:killed_by":{"minecraft:iron_golem":2},"minecraft:picked_up":{"minecraft:wooden_axe":1,"minecraft:birch_log":14,"minecraft:iron_chestplate":1,"minecraft:crafting_table":10,"minecraft:wheat":52,"minecraft:orange_carpet":4,"minecraft:leather":2,"minecraft:wooden_pickaxe":2,"minecraft:acacia_wood":3,"minecraft:birch_planks":2,"minecraft:oak_log":7,"minecraft:brewing_stand":2,"minecraft:yellow_bed":2,"minecraft:map":1,"minecraft:dirt":172,"minecraft:red_bed":3,"minecraft:raw_copper":6,"minecraft:smooth_stone_slab":2,"minecraft:white_carpet":4,"minecraft:apple":2,"minecraft:wheat_seeds":1,"minecraft:beef":1,"minecraft:iron_ingot":5,"minecraft:stone_pickaxe":4,"minecraft:grindstone":1,"minecraft:lectern":1,"minecraft:sugar_cane":28,"minecraft:chest":3,"minecraft:iron_sword":2,"minecraft:oak_planks":1,"minecraft:book":49,"minecraft:raw_iron":25,"minecraft:birch_boat":6,"minecraft:acacia_log":4,"minecraft:porkchop":9,"minecraft:blast_furnace":1,"minecraft:white_bed":2,"minecraft:acacia_stairs":1,"minecraft:red_terracotta":2,"minecraft:orange_bed":2,"minecraft:stone_shovel":1,"minecraft:rotten_flesh":5,"minecraft:beetroot_seeds":1,"minecraft:hay_block":15,"minecraft:yellow_terracotta":1,"minecraft:bread":46,"minecraft:netherrack":1,"minecraft:melon_seeds":1,"minecraft:coal":14,"minecraft:cobblestone":353},"minecraft:custom":{"minecraft:mob_kills":5,"minecraft:interact_with_crafting_table":31,"minecraft:bell_ring":2,"minecraft:leave_game":1,"minecraft:time_since_death":40648,"minecraft:sleep_in_bed":2,"minecraft:time_since_rest":29794,"minecraft:sprint_one_cm":134404,"minecraft:damage_taken":1613,"minecraft:walk_one_cm":115513,"minecraft:drop":15,"minecraft:damage_dealt":1402,"minecraft:swim_one_cm":31496,"minecraft:talked_to_villager":5,"minecraft:fly_one_cm":197535,"minecraft:open_chest":38,"minecraft:crouch_one_cm":5195,"minecraft:play_time":71635,"minecraft:deaths":2,"minecraft:sneak_time":2606,"minecraft:walk_under_water_one_cm":5893,"minecraft:boat_one_cm":735865,"minecraft:jump":1031,"minecraft:walk_on_water_one_cm":5122,"minecraft:total_world_time":71635,"minecraft:fall_one_cm":32466},"minecraft:broken":{"minecraft:stone_pickaxe":1},"minecraft:dropped":{"minecraft:acacia_wood":3,"minecraft:sugar_cane":12,"minecraft:smooth_stone_slab":2,"minecraft:stone_shovel":1,"minecraft:raw_iron":1,"minecraft:white_carpet":2,"minecraft:rotten_flesh":5,"minecraft:acacia_stairs":1,"minecraft:orange_carpet":2,"minecraft:beetroot_seeds":1,"minecraft:melon_seeds":1,"minecraft:stone_pickaxe":1,"minecraft:wooden_pickaxe":1},"minecraft:crafted":{"minecraft:oak_planks":40,"minecraft:stone_shovel":2,"minecraft:crafting_table":4,"minecraft:birch_boat":2,"minecraft:wooden_pickaxe":4,"minecraft:iron_helmet":1,"minecraft:birch_planks":56,"minecraft:stone_axe":3,"minecraft:bread":35,"minecraft:oak_boat":2,"minecraft:wooden_hoe":1,"minecraft:stick":56,"minecraft:stone_pickaxe":10,"minecraft:wooden_axe":3,"minecraft:stone_sword":1,"minecraft:acacia_door":3,"minecraft:acacia_planks":8,"minecraft:stone_hoe":1,"minecraft:wheat":135},"minecraft:mined":{"minecraft:yellow_terracotta":1,"minecraft:farmland":3,"minecraft:white_bed":1,"minecraft:glass_pane":2,"minecraft:red_bed":2,"minecraft:brewing_stand":2,"minecraft:crafting_table":11,"minecraft:blast_furnace":1,"minecraft:acacia_log":2,"minecraft:grass_block":45,"minecraft:chest":3,"minecraft:lectern":1,"minecraft:tall_grass":2,"minecraft:cobblestone":37,"minecraft:copper_ore":1,"minecraft:grindstone":1,"minecraft:oak_planks":1,"minecraft:sugar_cane":9,"minecraft:orange_carpet":2,"minecraft:hay_block":16,"minecraft:birch_planks":1,"minecraft:red_terracotta":2,"minecraft:birch_log":14,"minecraft:iron_ore":1,"minecraft:acacia_wood":1,"minecraft:white_carpet":2,"minecraft:acacia_stairs":1,"minecraft:birch_leaves":1,"minecraft:yellow_bed":2,"minecraft:smooth_stone_slab":1,"minecraft:grass":7,"minecraft:bookshelf":8,"minecraft:coal_ore":14,"minecraft:oak_log":7,"minecraft:deepslate_iron_ore":23,"minecraft:dirt_path":24,"minecraft:dirt":98,"minecraft:stone":315,"minecraft:netherrack":1,"minecraft:oak_leaves":4,"minecraft:orange_bed":2}},"DataVersion":3337}