{"stats":{"minecraft:used":{"minecraft:iron_shovel":148,"minecraft:stone_shovel":176,"minecraft:chest":3,"minecraft:iron_sword":93,"minecraft:stone_hoe":69,"minecraft:netherrack":6,"minecraft:dirt":290,"minecraft:tuff":38,"minecraft:granite":3,"minecraft:wooden_axe":13,"minecraft:iron_axe":2,"minecraft:iron_helmet":1,"minecraft:furnace":2,"minecraft:cobbled_deepslate":14,"minecraft:diorite":13,"minecraft:birch_planks":2,"minecraft:stone_pickaxe":449,"minecraft:oak_planks":26,"minecraft:wooden_pickaxe":9,"minecraft:birch_boat":5,"minecraft:crafting_table":13,"minecraft:red_bed":1,"minecraft:white_bed":1,"minecraft:acacia_door":1,"minecraft:bread":48,"minecraft:iron_pickaxe":122,"minecraft:red_terracotta":1,"minecraft:gravel":2,"minecraft:stone_axe":57,"minecraft:cobblestone":288,"minecraft:porkchop":2,"minecraft:andesite":7,"minecraft:yellow_bed":2,"minecraft:oak_boat":1,"minecraft:golden_pickaxe":32},"minecraft:killed":{"minecraft:cave_spider":1,"minecraft:spider":1,"minecraft:skeleton":2,"minecraft:pig":3,"minecraft:iron_golem":1,"minecraft:zombie":5,"minecraft:glow_squid":2,"minecraft:villager":1,"minecraft:cow":1,"minecraft:enderman":2},"minecraft:killed_by":{"minecraft:iron_golem":2},"minecraft:picked_up":{"minecraft:wooden_axe":1,"minecraft:crafting_table":11,"minecraft:iron_chestplate":1,"minecraft:wheat":52,"minecraft:wooden_pickaxe":2,"minecraft:brewing_stand":2,"minecraft:string":1,"minecraft:red_bed":3,"minecraft:raw_copper":6,"minecraft:smooth_stone_slab":2,"minecraft:white_carpet":4,"minecraft:cobbled_deepslate":14,"minecraft:beef":1,"minecraft:lectern":1,"minecraft:sugar_cane":28,"minecraft:chest":3,"minecraft:furnace":1,"minecraft:golden_helmet":1,"minecraft:stick":2,"minecraft:raw_iron":100,"minecraft:acacia_log":4,"minecraft:porkchop":9,"minecraft:diorite":13,"minecraft:orange_bed":2,"minecraft:rotten_flesh":9,"minecraft:arrow":3,"minecraft:stone_shovel":1,"minecraft:beetroot_seeds":1,"minecraft:hay_block":15,"minecraft:yellow_terracotta":1,"minecraft:cobblestone":404,"minecraft:birch_log":14,"minecraft:magma_block":4,"minecraft:andesite":11,"minecraft:orange_carpet":4,"minecraft:leather":2,"minecraft:golden_leggings":1,"minecraft:acacia_wood":3,"minecraft:birch_planks":2,"minecraft:oak_log":15,"minecraft:tuff":38,"minecraft:yellow_bed":2,"minecraft:dirt":323,"minecraft:map":1,"minecraft:bone":1,"minecraft:apple":2,"minecraft:wheat_seeds":3,"minecraft:raw_gold":1,"minecraft:stone_pickaxe":4,"minecraft:grindstone":1,"minecraft:iron_ingot":9,"minecraft:iron_sword":2,"minecraft:oak_planks":1,"minecraft:book":49,"minecraft:birch_boat":6,"minecraft:gravel":2,"minecraft:blast_furnace":1,"minecraft:white_bed":2,"minecraft:acacia_stairs":1,"minecraft:red_terracotta":2,"minecraft:diamond":7,"minecraft:granite":3,"minecraft:bread":46,"minecraft:coal":27,"minecraft:melon_seeds":1,"minecraft:netherrack":11},"minecraft:custom":{"minecraft:mob_kills":19,"minecraft:interact_with_crafting_table":42,"minecraft:bell_ring":2,"minecraft:leave_game":4,"minecraft:time_since_death":75642,"minecraft:sprint_one_cm":223032,"minecraft:walk_one_cm":157002,"minecraft:drop":17,"minecraft:talked_to_villager":5,"minecraft:play_time":106629,"minecraft:sneak_time":8561,"minecraft:deaths":2,"minecraft:walk_under_water_one_cm":9472,"minecraft:boat_one_cm":735865,"minecraft:jump":2154,"minecraft:walk_on_water_one_cm":14089,"minecraft:total_world_time":106629,"minecraft:interact_with_furnace":13,"minecraft:sleep_in_bed":2,"minecraft:time_since_rest":64788,"minecraft:damage_taken":3021,"minecraft:damage_dealt":5361,"minecraft:swim_one_cm":54732,"minecraft:fly_one_cm":362605,"minecraft:open_chest":50,"minecraft:crouch_one_cm":20757,"minecraft:fall_one_cm":66589},"minecraft:broken":{"minecraft:stone_pickaxe":1,"minecraft:golden_pickaxe":1},"minecraft:dropped":{"minecraft:acacia_wood":3,"minecraft:orange_carpet":2,"minecraft:sugar_cane":12,"minecraft:smooth_stone_slab":2,"minecraft:raw_iron":1,"minecraft:stone_shovel":1,"minecraft:white_carpet":2,"minecraft:rotten_flesh":9,"minecraft:acacia_stairs":1,"minecraft:andesite":4,"minecraft:beetroot_seeds":1,"minecraft:melon_seeds":1,"minecraft:wooden_pickaxe":1,"minecraft:stone_pickaxe":1},"minecraft:crafted":{"minecraft:oak_planks":72,"minecraft:stone_shovel":2,"minecraft:birch_boat":2,"minecraft:furnace":1,"minecraft:iron_axe":1,"minecraft:stone_pickaxe":10,"minecraft:stone_hoe":1,"minecraft:wheat":135,"minecraft:diamond_axe":1,"minecraft:crafting_table":5,"minecraft:wooden_pickaxe":4,"minecraft:iron_helmet":1,"minecraft:birch_planks":56,"minecraft:stone_axe":3,"minecraft:bread":35,"minecraft:air":0,"minecraft:oak_boat":2,"minecraft:wooden_hoe":1,"minecraft:diamond_pickaxe":1,"minecraft:stick":68,"minecraft:iron_ingot":17,"minecraft:iron_pickaxe":1,"minecraft:wooden_axe":3,"minecraft:stone_sword":1,"minecraft:iron_shovel":1,"minecraft:acacia_door":3,"minecraft:acacia_planks":8},"minecraft:mined":{"minecraft:yellow_terracotta":1,"minecraft:tuff":34,"minecraft:white_bed":1,"minecraft:farmland":3,"minecraft:deepslate_diamond_ore":7,"minecraft:brewing_stand":2,"minecraft:granite":3,"minecraft:acacia_log":2,"minecraft:grass_block":119,"minecraft:spawner":1,"minecraft:hay_block":16,"minecraft:magma_block":4,"minecraft:furnace":1,"minecraft:iron_ore":33,"minecraft:cobbled_deepslate":1,"minecraft:acacia_wood":1,"minecraft:acacia_stairs":1,"minecraft:andesite":11,"minecraft:bookshelf":8,"minecraft:deepslate_iron_ore":34,"minecraft:dirt_path":39,"minecraft:stone":368,"minecraft:orange_bed":2,"minecraft:glass_pane":2,"minecraft:red_bed":2,"minecraft:crafting_table":12,"minecraft:blast_furnace":1,"minecraft:chest":3,"minecraft:lectern":1,"minecraft:tall_grass":2,"minecraft:copper_ore":1,"minecraft:cobblestone":37,"minecraft:deepslate_gold_ore":1,"minecraft:grindstone":1,"minecraft:sugar_cane":9,"minecraft:oak_planks":1,"minecraft:diorite":13,"minecraft:orange_carpet":2,"minecraft:birch_planks":1,"minecraft:red_terracotta":2,"minecraft:birch_log":14,"minecraft:white_carpet":2,"minecraft:birch_leaves":1,"minecraft:yellow_bed":2,"minecraft:smooth_stone_slab":1,"minecraft:grass":10,"minecraft:oak_log":15,"minecraft:coal_ore":14,"minecraft:gravel":2,"minecraft:dirt":162,"minecraft:cobweb":2,"minecraft:netherrack":12,"minecraft:oak_leaves":7,"minecraft:deepslate":13}},"DataVersion":3337}