{"stats":{"minecraft:broken":{"minecraft:golden_helmet":1,"minecraft:stone_pickaxe":1,"minecraft:iron_sword":1,"minecraft:golden_pickaxe":1},"minecraft:used":{"minecraft:iron_shovel":148,"minecraft:flint_and_steel":1,"minecraft:stone_shovel":176,"minecraft:bone_block":1,"minecraft:chest":3,"minecraft:shield":1,"minecraft:iron_sword":710,"minecraft:rotten_flesh":3,"minecraft:stone_hoe":69,"minecraft:iron_chestplate":1,"minecraft:netherrack":109,"minecraft:dirt":314,"minecraft:tuff":38,"minecraft:granite":3,"minecraft:obsidian":10,"minecraft:wooden_axe":13,"minecraft:iron_axe":2,"minecraft:iron_helmet":1,"minecraft:magma_block":5,"minecraft:golden_carrot":10,"minecraft:furnace":2,"minecraft:cobbled_deepslate":40,"minecraft:diorite":13,"minecraft:birch_planks":2,"minecraft:oak_planks":26,"minecraft:stone_pickaxe":456,"minecraft:wooden_pickaxe":9,"minecraft:birch_boat":5,"minecraft:diamond_axe":27,"minecraft:golden_apple":1,"minecraft:red_bed":1,"minecraft:crafting_table":15,"minecraft:birch_sign":3,"minecraft:crossbow":5,"minecraft:white_bed":1,"minecraft:diamond_pickaxe":240,"minecraft:acacia_door":1,"minecraft:bread":69,"minecraft:iron_pickaxe":309,"minecraft:gravel":2,"minecraft:red_terracotta":1,"minecraft:stone_axe":57,"minecraft:cobblestone":289,"minecraft:andesite":7,"minecraft:porkchop":2,"minecraft:cooked_porkchop":1,"minecraft:bucket":1,"minecraft:yellow_bed":2,"minecraft:oak_boat":1,"minecraft:golden_pickaxe":32,"minecraft:bone_meal":1},"minecraft:killed_by":{"minecraft:piglin_brute":4,"minecraft:iron_golem":2,"minecraft:piglin":1,"minecraft:skeleton":1},"minecraft:custom":{"minecraft:mob_kills":150,"minecraft:interact_with_crafting_table":67,"minecraft:bell_ring":2,"minecraft:leave_game":9,"minecraft:time_since_death":26212,"minecraft:climb_one_cm":652,"minecraft:sprint_one_cm":399796,"minecraft:walk_one_cm":257564,"minecraft:damage_blocked_by_shield":75,"minecraft:drop":19,"minecraft:talked_to_villager":5,"minecraft:play_time":198594,"minecraft:sneak_time":12166,"minecraft:deaths":9,"minecraft:walk_under_water_one_cm":10783,"minecraft:boat_one_cm":735865,"minecraft:jump":3255,"minecraft:walk_on_water_one_cm":16211,"minecraft:total_world_time":198594,"minecraft:interact_with_furnace":24,"minecraft:sleep_in_bed":2,"minecraft:time_since_rest":26236,"minecraft:damage_absorbed":40,"minecraft:damage_taken":7106,"minecraft:damage_dealt":33471,"minecraft:player_kills":1,"minecraft:swim_one_cm":60273,"minecraft:fly_one_cm":3409949,"minecraft:open_chest":145,"minecraft:crouch_one_cm":32588,"minecraft:fall_one_cm":124919},"minecraft:killed":{"minecraft:cave_spider":1,"minecraft:zombified_piglin":19,"minecraft:spider":1,"minecraft:skeleton":2,"minecraft:piglin_brute":13,"minecraft:magma_cube":18,"minecraft:piglin":34,"minecraft:pig":3,"minecraft:iron_golem":1,"minecraft:hoglin":6,"minecraft:sheep":1,"minecraft:zombie":5,"minecraft:ghast":3,"minecraft:glow_squid":2,"minecraft:wither_skeleton":3,"minecraft:villager":1,"minecraft:blaze":4,"minecraft:enderman":2,"minecraft:cow":1},"minecraft:mined":{"minecraft:yellow_terracotta":1,"minecraft:tuff":34,"minecraft:white_bed":1,"minecraft:farmland":3,"minecraft:deepslate_diamond_ore":7,"minecraft:nether_bricks":3,"minecraft:brewing_stand":2,"minecraft:obsidian":5,"minecraft:granite":3,"minecraft:acacia_log":2,"minecraft:grass_block":119,"minecraft:cracked_polished_blackstone_bricks":4,"minecraft:nether_wart":20,"minecraft:spawner":1,"minecraft:hay_block":16,"minecraft:polished_blackstone_bricks":8,"minecraft:weeping_vines_plant":1,"minecraft:magma_block":5,"minecraft:furnace":1,"minecraft:iron_ore":33,"minecraft:fire":3,"minecraft:cobbled_deepslate":1,"minecraft:acacia_wood":1,"minecraft:acacia_stairs":1,"minecraft:andesite":11,"minecraft:gold_block":36,"minecraft:nether_brick_fence":2,"minecraft:bookshelf":8,"minecraft:dirt_path":39,"minecraft:deepslate_iron_ore":34,"minecraft:oak_stairs":1,"minecraft:warped_stem":4,"minecraft:birch_wall_sign":1,"minecraft:stone":368,"minecraft:orange_bed":2,"minecraft:soul_sand":5,"minecraft:glass_pane":2,"minecraft:red_bed":2,"minecraft:blackstone":4,"minecraft:crimson_nylium":3,"minecraft:basalt":5,"minecraft:crafting_table":13,"minecraft:blast_furnace":1,"minecraft:chest":5,"minecraft:lectern":1,"minecraft:copper_ore":1,"minecraft:tall_grass":4,"minecraft:cobblestone":37,"minecraft:polished_blackstone_brick_stairs":1,"minecraft:deepslate_gold_ore":1,"minecraft:grindstone":1,"minecraft:oak_planks":1,"minecraft:sugar_cane":11,"minecraft:diorite":13,"minecraft:orange_carpet":2,"minecraft:birch_planks":1,"minecraft:red_terracotta":2,"minecraft:nether_wart_block":1,"minecraft:birch_log":14,"minecraft:white_carpet":2,"minecraft:birch_leaves":1,"minecraft:yellow_bed":2,"minecraft:smooth_stone_slab":1,"minecraft:grass":10,"minecraft:oak_log":24,"minecraft:coal_ore":14,"minecraft:gravel":2,"minecraft:dirt":164,"minecraft:cobweb":2,"minecraft:netherrack":336,"minecraft:oak_leaves":7,"minecraft:deepslate":13},"minecraft:dropped":{"minecraft:acacia_wood":3,"minecraft:orange_carpet":2,"minecraft:sugar_cane":12,"minecraft:cobbled_deepslate":4,"minecraft:smooth_stone_slab":2,"minecraft:raw_iron":1,"minecraft:stone_shovel":1,"minecraft:white_carpet":2,"minecraft:rotten_flesh":9,"minecraft:oak_planks":2,"minecraft:acacia_stairs":1,"minecraft:beetroot_seeds":1,"minecraft:andesite":4,"minecraft:melon_seeds":1,"minecraft:stone_pickaxe":1,"minecraft:wooden_pickaxe":1},"minecraft:picked_up":{"minecraft:wooden_axe":1,"minecraft:iron_chestplate":3,"minecraft:crafting_table":12,"minecraft:wheat":52,"minecraft:nether_wart":18,"minecraft:nether_brick_fence":2,"minecraft:wooden_pickaxe":2,"minecraft:oak_stairs":1,"minecraft:gold_block":54,"minecraft:enchanted_book":1,"minecraft:chain":5,"minecraft:brewing_stand":2,"minecraft:shield":1,"minecraft:polished_blackstone_brick_stairs":1,"minecraft:red_bed":3,"minecraft:string":11,"minecraft:raw_copper":6,"minecraft:iron_axe":2,"minecraft:smooth_stone_slab":2,"minecraft:iron_leggings":3,"minecraft:white_carpet":4,"minecraft:blackstone":4,"minecraft:cobbled_deepslate":116,"minecraft:gold_nugget":43,"minecraft:detector_rail":4,"minecraft:beef":1,"minecraft:iron_nugget":15,"minecraft:iron_pickaxe":3,"minecraft:lectern":1,"minecraft:sugar_cane":33,"minecraft:chest":5,"minecraft:iron_boots":3,"minecraft:furnace":1,"minecraft:golden_helmet":8,"minecraft:stick":32,"minecraft:raw_iron":100,"minecraft:torch":106,"minecraft:acacia_log":4,"minecraft:porkchop":33,"minecraft:polished_blackstone_bricks":3,"minecraft:golden_axe":1,"minecraft:diorite":13,"minecraft:iron_horse_armor":1,"minecraft:orange_bed":2,"minecraft:arrow":90,"minecraft:weeping_vines":2,"minecraft:stone_shovel":2,"minecraft:rotten_flesh":25,"minecraft:beetroot_seeds":1,"minecraft:nether_bricks":2,"minecraft:hay_block":15,"minecraft:iron_block":1,"minecraft:yellow_terracotta":1,"minecraft:saddle":1,"minecraft:gold_ingot":8,"minecraft:blaze_rod":2,"minecraft:obsidian":42,"minecraft:rail":8,"minecraft:cobblestone":405,"minecraft:birch_log":14,"minecraft:magma_block":20,"minecraft:basalt":4,"minecraft:magma_cream":11,"minecraft:golden_carrot":20,"minecraft:andesite":11,"minecraft:orange_carpet":4,"minecraft:leather":5,"minecraft:golden_leggings":1,"minecraft:acacia_wood":3,"minecraft:birch_planks":2,"minecraft:flint":4,"minecraft:oak_log":61,"minecraft:tuff":38,"minecraft:golden_boots":1,"minecraft:yellow_bed":3,"minecraft:nether_wart_block":3,"minecraft:gunpowder":2,"minecraft:map":1,"minecraft:dirt":345,"minecraft:name_tag":4,"minecraft:bone":42,"minecraft:apple":2,"minecraft:warped_stem":3,"minecraft:wheat_seeds":3,"minecraft:raw_gold":2,"minecraft:grindstone":1,"minecraft:iron_ingot":22,"minecraft:stone_pickaxe":5,"minecraft:powered_rail":5,"minecraft:iron_sword":7,"minecraft:oak_planks":3,"minecraft:soul_sand":11,"minecraft:book":49,"minecraft:cooked_porkchop":2,"minecraft:birch_boat":6,"minecraft:music_disc_13":1,"minecraft:gravel":2,"minecraft:blast_furnace":1,"minecraft:white_bed":2,"minecraft:acacia_stairs":1,"minecraft:crying_obsidian":10,"minecraft:spectral_arrow":45,"minecraft:red_terracotta":2,"minecraft:pumpkin_seeds":4,"minecraft:cracked_polished_blackstone_bricks":1,"minecraft:diamond":9,"minecraft:stone_axe":2,"minecraft:iron_helmet":1,"minecraft:granite":3,"minecraft:crossbow":2,"minecraft:diamond_axe":1,"minecraft:bone_meal":14,"minecraft:birch_sign":1,"minecraft:bread":86,"minecraft:netherrack":242,"minecraft:melon_seeds":1,"minecraft:coal":27},"minecraft:crafted":{"minecraft:oak_planks":108,"minecraft:stone_shovel":2,"minecraft:birch_boat":2,"minecraft:furnace":1,"minecraft:bone_meal":99,"minecraft:warped_planks":12,"minecraft:iron_boots":1,"minecraft:iron_axe":1,"minecraft:stone_pickaxe":10,"minecraft:stone_hoe":1,"minecraft:wheat":135,"minecraft:diamond_axe":1,"minecraft:crafting_table":7,"minecraft:iron_helmet":2,"minecraft:wooden_pickaxe":4,"minecraft:iron_sword":1,"minecraft:bucket":1,"minecraft:birch_planks":56,"minecraft:stone_axe":3,"minecraft:air":0,"minecraft:bread":35,"minecraft:oak_boat":2,"minecraft:iron_chestplate":2,"minecraft:wooden_hoe":1,"minecraft:diamond_pickaxe":1,"minecraft:shield":2,"minecraft:stick":80,"minecraft:iron_ingot":66,"minecraft:iron_pickaxe":3,"minecraft:wooden_axe":3,"minecraft:stone_sword":1,"minecraft:iron_shovel":1,"minecraft:acacia_door":3,"minecraft:iron_leggings":1,"minecraft:acacia_planks":8}},"DataVersion":3337}