{"stats":{"minecraft:broken":{"minecraft:golden_helmet":1,"minecraft:stone_pickaxe":1,"minecraft:iron_sword":1,"minecraft:golden_axe":1,"minecraft:iron_pickaxe":1,"minecraft:golden_pickaxe":1},"minecraft:used":{"minecraft:iron_shovel":148,"minecraft:bone_block":24,"minecraft:chest":19,"minecraft:shield":1,"minecraft:iron_sword":877,"minecraft:rotten_flesh":3,"minecraft:iron_chestplate":1,"minecraft:tuff":38,"minecraft:obsidian":34,"minecraft:iron_helmet":1,"minecraft:magma_block":5,"minecraft:furnace":2,"minecraft:diorite":13,"minecraft:oak_planks":56,"minecraft:stone_pickaxe":456,"minecraft:wooden_pickaxe":9,"minecraft:sugar_cane":10,"minecraft:diamond_axe":27,"minecraft:golden_apple":1,"minecraft:crossbow":17,"minecraft:crying_obsidian":1,"minecraft:acacia_door":1,"minecraft:bread":69,"minecraft:string":4,"minecraft:gravel":2,"minecraft:red_terracotta":1,"minecraft:andesite":7,"minecraft:oak_boat":1,"minecraft:bone_meal":1,"minecraft:golden_pickaxe":32,"minecraft:flint_and_steel":3,"minecraft:stone_shovel":176,"minecraft:stone_hoe":69,"minecraft:netherrack":115,"minecraft:brewing_stand":1,"minecraft:dirt":1193,"minecraft:anvil":1,"minecraft:hopper":8,"minecraft:granite":3,"minecraft:wooden_axe":13,"minecraft:iron_axe":2,"minecraft:barrel":1,"minecraft:golden_carrot":32,"minecraft:cobbled_deepslate":40,"minecraft:golden_axe":11,"minecraft:birch_planks":2,"minecraft:birch_boat":5,"minecraft:cobblestone_slab":13,"minecraft:mossy_cobblestone":3,"minecraft:oak_slab":23,"minecraft:crafting_table":16,"minecraft:red_bed":1,"minecraft:birch_sign":3,"minecraft:white_bed":6,"minecraft:diamond_pickaxe":332,"minecraft:diamond_shovel":720,"minecraft:iron_pickaxe":579,"minecraft:stone_axe":180,"minecraft:cobblestone":290,"minecraft:porkchop":2,"minecraft:cooked_porkchop":3,"minecraft:bucket":1,"minecraft:yellow_bed":10},"minecraft:killed_by":{"minecraft:piglin_brute":4,"minecraft:creeper":1,"minecraft:piglin":1,"minecraft:iron_golem":2,"minecraft:skeleton":1},"minecraft:custom":{"minecraft:interact_with_crafting_table":121,"minecraft:open_barrel":1,"minecraft:bell_ring":2,"minecraft:leave_game":15,"minecraft:time_since_death":39158,"minecraft:sprint_one_cm":652866,"minecraft:damage_blocked_by_shield":75,"minecraft:drop":237,"minecraft:talked_to_villager":74,"minecraft:play_time":325513,"minecraft:deaths":11,"minecraft:jump":4699,"minecraft:walk_on_water_one_cm":25788,"minecraft:interact_with_furnace":43,"minecraft:traded_with_villager":261,"minecraft:sleep_in_bed":8,"minecraft:damage_dealt":41848,"minecraft:player_kills":1,"minecraft:crouch_one_cm":61390,"minecraft:interact_with_anvil":3,"minecraft:mob_kills":178,"minecraft:inspect_hopper":7,"minecraft:climb_one_cm":1755,"minecraft:walk_one_cm":488776,"minecraft:sneak_time":19123,"minecraft:walk_under_water_one_cm":13022,"minecraft:boat_one_cm":822152,"minecraft:total_world_time":325513,"minecraft:time_since_rest":39182,"minecraft:damage_absorbed":40,"minecraft:damage_taken":10517,"minecraft:swim_one_cm":77712,"minecraft:fly_one_cm":5191742,"minecraft:open_chest":395,"minecraft:fall_one_cm":188470},"minecraft:killed":{"minecraft:cave_spider":1,"minecraft:zombified_piglin":19,"minecraft:spider":4,"minecraft:skeleton":3,"minecraft:piglin_brute":13,"minecraft:magma_cube":18,"minecraft:piglin":35,"minecraft:pig":3,"minecraft:iron_golem":4,"minecraft:sheep":1,"minecraft:zombie":23,"minecraft:ghast":3,"minecraft:glow_squid":2,"minecraft:cow":1,"minecraft:blaze":4,"minecraft:hoglin":6,"minecraft:wither_skeleton":3,"minecraft:villager":1,"minecraft:enderman":2},"minecraft:mined":{"minecraft:white_bed":5,"minecraft:farmland":3,"minecraft:cobblestone_stairs":4,"minecraft:brewing_stand":2,"minecraft:obsidian":19,"minecraft:granite":3,"minecraft:acacia_log":2,"minecraft:grass_block":607,"minecraft:cracked_polished_blackstone_bricks":4,"minecraft:hopper":7,"minecraft:nether_wart":20,"minecraft:spawner":1,"minecraft:polished_blackstone_bricks":8,"minecraft:weeping_vines_plant":2,"minecraft:magma_block":5,"minecraft:iron_ore":77,"minecraft:cobbled_deepslate":1,"minecraft:fire":3,"minecraft:deepslate_lapis_ore":1,"minecraft:anvil":1,"minecraft:dirt_path":67,"minecraft:oak_stairs":18,"minecraft:birch_wall_sign":1,"minecraft:tripwire":3,"minecraft:orange_bed":2,"minecraft:red_bed":2,"minecraft:blackstone":4,"minecraft:crimson_nylium":3,"minecraft:blast_furnace":1,"minecraft:chest":10,"minecraft:cobblestone":79,"minecraft:grindstone":1,"minecraft:sugar_cane":24,"minecraft:oak_planks":23,"minecraft:white_terracotta":2,"minecraft:nether_wart_block":2,"minecraft:birch_log":14,"minecraft:stripped_oak_wood":1,"minecraft:smooth_stone_slab":1,"minecraft:grass":26,"minecraft:oak_log":91,"minecraft:dirt":387,"minecraft:netherrack":366,"minecraft:oak_leaves":18,"minecraft:deepslate":40,"minecraft:yellow_terracotta":1,"minecraft:nether_gold_ore":1,"minecraft:tuff":40,"minecraft:mossy_cobblestone":5,"minecraft:deepslate_diamond_ore":31,"minecraft:nether_bricks":3,"minecraft:hay_block":16,"minecraft:furnace":1,"minecraft:acacia_wood":1,"minecraft:acacia_stairs":1,"minecraft:andesite":17,"minecraft:gold_block":36,"minecraft:nether_brick_fence":2,"minecraft:bookshelf":8,"minecraft:deepslate_iron_ore":34,"minecraft:cobblestone_slab":4,"minecraft:warped_stem":4,"minecraft:stone":484,"minecraft:white_wool":4,"minecraft:oak_slab":8,"minecraft:glass_pane":3,"minecraft:soul_sand":5,"minecraft:basalt":5,"minecraft:dandelion":1,"minecraft:oak_fence":3,"minecraft:crafting_table":13,"minecraft:lectern":1,"minecraft:tall_grass":5,"minecraft:copper_ore":2,"minecraft:deepslate_gold_ore":1,"minecraft:polished_blackstone_brick_stairs":1,"minecraft:diorite":19,"minecraft:orange_carpet":2,"minecraft:birch_planks":1,"minecraft:red_terracotta":2,"minecraft:white_carpet":2,"minecraft:birch_leaves":2,"minecraft:yellow_bed":22,"minecraft:coal_ore":14,"minecraft:gravel":2,"minecraft:cobweb":2},"minecraft:dropped":{"minecraft:acacia_wood":3,"minecraft:cookie":24,"minecraft:dirt":23,"minecraft:orange_carpet":2,"minecraft:gold_nugget":23,"minecraft:bone_meal":27,"minecraft:bone":4,"minecraft:sugar_cane":12,"minecraft:cobbled_deepslate":5,"minecraft:rotten_flesh":11,"minecraft:oak_planks":14,"minecraft:azure_bluet":3,"minecraft:white_bed":1,"minecraft:acacia_stairs":1,"minecraft:poppy":2,"minecraft:beetroot_seeds":1,"minecraft:melon_seeds":1,"minecraft:chest":1,"minecraft:quartz":11,"minecraft:netherrack":192,"minecraft:bread":128,"minecraft:oak_slab":98,"minecraft:cobblestone":11,"minecraft:golden_carrot":7,"minecraft:string":10361,"minecraft:redstone":2,"minecraft:smooth_stone_slab":2,"minecraft:tuff":7,"minecraft:raw_iron":1,"minecraft:stone_shovel":1,"minecraft:white_carpet":2,"minecraft:cobblestone_slab":155,"minecraft:andesite":4,"minecraft:oak_sapling":1,"minecraft:barrel":20,"minecraft:diamond_boots":1,"minecraft:stone_pickaxe":4,"minecraft:wooden_pickaxe":1},"minecraft:picked_up":{"minecraft:wooden_axe":1,"minecraft:iron_chestplate":6,"minecraft:wheat":52,"minecraft:nether_brick_fence":2,"minecraft:diamond_sword":2,"minecraft:oak_stairs":65,"minecraft:enchanted_book":3,"minecraft:gilded_blackstone":25,"minecraft:brewing_stand":3,"minecraft:golden_sword":2,"minecraft:polished_blackstone_brick_stairs":1,"minecraft:string":15658,"minecraft:raw_copper":11,"minecraft:smooth_stone_slab":2,"minecraft:iron_leggings":3,"minecraft:netherite_ingot":2,"minecraft:activator_rail":2,"minecraft:diamond_leggings":2,"minecraft:gold_nugget":55,"minecraft:cobbled_deepslate":293,"minecraft:cobblestone_slab":192,"minecraft:ender_eye":1,"minecraft:iron_pickaxe":5,"minecraft:furnace":1,"minecraft:iron_boots":3,"minecraft:golden_helmet":8,"minecraft:stick":36,"minecraft:torch":114,"minecraft:acacia_log":4,"minecraft:porkchop":33,"minecraft:golden_axe":1,"minecraft:diorite":19,"minecraft:golden_chestplate":1,"minecraft:orange_bed":2,"minecraft:rotten_flesh":82,"minecraft:iron_block":1,"minecraft:blaze_rod":2,"minecraft:obsidian":70,"minecraft:cod":6,"minecraft:blaze_powder":3,"minecraft:cobblestone":576,"minecraft:birch_log":14,"minecraft:magma_block":20,"minecraft:magma_cream":107,"minecraft:andesite":52,"minecraft:orange_carpet":4,"minecraft:golden_leggings":1,"minecraft:potato":2,"minecraft:flint":8,"minecraft:tuff":57,"minecraft:map":1,"minecraft:dirt":1102,"minecraft:name_tag":9,"minecraft:bone":46,"minecraft:wheat_seeds":39,"minecraft:raw_gold":3,"minecraft:grindstone":1,"minecraft:diamond_helmet":2,"minecraft:powered_rail":10,"minecraft:stone_hoe":1,"minecraft:oak_planks":36,"minecraft:ghast_tear":1,"minecraft:cooked_porkchop":6,"minecraft:music_disc_13":2,"minecraft:grass_block":1,"minecraft:acacia_stairs":1,"minecraft:mossy_cobblestone":4,"minecraft:spectral_arrow":83,"minecraft:red_terracotta":2,"minecraft:barrel":10,"minecraft:diamond":33,"minecraft:cracked_polished_blackstone_bricks":39,"minecraft:crossbow":4,"minecraft:granite":3,"minecraft:bone_meal":68,"minecraft:golden_apple":2,"minecraft:emerald":30,"minecraft:golden_horse_armor":2,"minecraft:bread":182,"minecraft:oak_sapling":1,"minecraft:netherrack":465,"minecraft:diamond_pickaxe":2,"minecraft:crafting_table":13,"minecraft:azure_bluet":9,"minecraft:nether_wart":18,"minecraft:wooden_pickaxe":3,"minecraft:gold_block":54,"minecraft:chain":17,"minecraft:shield":1,"minecraft:red_bed":3,"minecraft:iron_axe":2,"minecraft:flint_and_steel":2,"minecraft:netherite_scrap":2,"minecraft:white_carpet":4,"minecraft:blackstone":66,"minecraft:detector_rail":12,"minecraft:beef":2,"minecraft:iron_nugget":21,"minecraft:poppy":3,"minecraft:lectern":1,"minecraft:sugar_cane":61,"minecraft:chest":15,"minecraft:birch_sapling":1,"minecraft:raw_iron":144,"minecraft:oak_door":4,"minecraft:polished_blackstone_bricks":3,"minecraft:cookie":24,"minecraft:carrot":1,"minecraft:redstone":2,"minecraft:iron_horse_armor":3,"minecraft:stone_shovel":2,"minecraft:arrow":172,"minecraft:weeping_vines":2,"minecraft:diamond_chestplate":1,"minecraft:beetroot_seeds":25,"minecraft:golden_hoe":1,"minecraft:nether_bricks":2,"minecraft:diamond_boots":1,"minecraft:hay_block":15,"minecraft:yellow_terracotta":1,"minecraft:saddle":1,"minecraft:gold_ingot":79,"minecraft:rail":8,"minecraft:white_wool":3,"minecraft:basalt":4,"minecraft:golden_carrot":51,"minecraft:leather":7,"minecraft:acacia_wood":3,"minecraft:birch_planks":21,"minecraft:oak_log":128,"minecraft:nether_wart_block":3,"minecraft:yellow_bed":11,"minecraft:golden_boots":3,"minecraft:gunpowder":2,"minecraft:cobblestone_stairs":12,"minecraft:paper":5,"minecraft:apple":5,"minecraft:kelp":2,"minecraft:warped_stem":3,"minecraft:iron_ingot":31,"minecraft:stone_pickaxe":12,"minecraft:stripped_oak_wood":1,"minecraft:soul_sand":11,"minecraft:iron_sword":13,"minecraft:book":99,"minecraft:oak_slab":98,"minecraft:birch_boat":6,"minecraft:dandelion":14,"minecraft:gravel":2,"minecraft:blast_furnace":1,"minecraft:white_bed":8,"minecraft:crying_obsidian":10,"minecraft:spider_eye":2,"minecraft:firework_rocket":42,"minecraft:diamond_shovel":1,"minecraft:pumpkin_seeds":4,"minecraft:stone_axe":7,"minecraft:iron_helmet":2,"minecraft:diamond_axe":1,"minecraft:birch_sign":6,"minecraft:lodestone":1,"minecraft:melon_seeds":2,"minecraft:coal":28,"minecraft:hopper":7},"minecraft:crafted":{"minecraft:oak_planks":372,"minecraft:cobblestone_slab":96,"minecraft:barrel":11,"minecraft:blaze_powder":4,"minecraft:birch_boat":2,"minecraft:diamond_shovel":1,"minecraft:warped_planks":12,"minecraft:hopper":1,"minecraft:diamond_helmet":1,"minecraft:iron_boots":1,"minecraft:chest":16,"minecraft:stone_hoe":1,"minecraft:ender_eye":1,"minecraft:oak_slab":102,"minecraft:emerald":208,"minecraft:cooked_porkchop":2,"minecraft:diamond_axe":1,"minecraft:crafting_table":7,"minecraft:wooden_pickaxe":4,"minecraft:iron_helmet":2,"minecraft:birch_planks":56,"minecraft:wooden_hoe":1,"minecraft:iron_chestplate":2,"minecraft:paper":12,"minecraft:diamond_pickaxe":2,"minecraft:shield":2,"minecraft:stick":88,"minecraft:iron_ingot":67,"minecraft:iron_pickaxe":4,"minecraft:iron_block":1,"minecraft:stone_sword":1,"minecraft:acacia_door":3,"minecraft:gold_ingot":126,"minecraft:netherite_ingot":1,"minecraft:cookie":216,"minecraft:stone_shovel":2,"minecraft:furnace":1,"minecraft:bone_meal":99,"minecraft:flint_and_steel":1,"minecraft:iron_axe":1,"minecraft:stone_pickaxe":10,"minecraft:netherite_scrap":3,"minecraft:wheat":135,"minecraft:diamond_sword":1,"minecraft:iron_sword":1,"minecraft:bucket":1,"minecraft:stone_axe":4,"minecraft:bread":209,"minecraft:air":0,"minecraft:oak_boat":2,"minecraft:golden_apple":2,"minecraft:wooden_axe":3,"minecraft:iron_shovel":1,"minecraft:anvil":1,"minecraft:iron_leggings":1,"minecraft:white_bed":1,"minecraft:pumpkin_pie":48,"minecraft:acacia_planks":8,"minecraft:firework_rocket":21}},"DataVersion":3337}