{"stats":{"minecraft:broken":{"minecraft:golden_helmet":1,"minecraft:stone_pickaxe":1,"minecraft:iron_sword":1,"minecraft:golden_axe":1,"minecraft:iron_pickaxe":1,"minecraft:golden_pickaxe":1},"minecraft:used":{"minecraft:iron_shovel":148,"minecraft:bone_block":24,"minecraft:chest":9,"minecraft:shield":1,"minecraft:iron_sword":801,"minecraft:rotten_flesh":3,"minecraft:iron_chestplate":1,"minecraft:tuff":38,"minecraft:obsidian":10,"minecraft:iron_helmet":1,"minecraft:magma_block":5,"minecraft:furnace":2,"minecraft:diorite":13,"minecraft:stone_pickaxe":456,"minecraft:oak_planks":26,"minecraft:wooden_pickaxe":9,"minecraft:diamond_axe":27,"minecraft:golden_apple":1,"minecraft:crossbow":17,"minecraft:acacia_door":1,"minecraft:crying_obsidian":1,"minecraft:bread":69,"minecraft:red_terracotta":1,"minecraft:gravel":2,"minecraft:andesite":7,"minecraft:oak_boat":1,"minecraft:bone_meal":1,"minecraft:golden_pickaxe":32,"minecraft:flint_and_steel":1,"minecraft:stone_shovel":176,"minecraft:stone_hoe":69,"minecraft:netherrack":109,"minecraft:dirt":314,"minecraft:anvil":1,"minecraft:hopper":5,"minecraft:granite":3,"minecraft:wooden_axe":13,"minecraft:iron_axe":2,"minecraft:golden_carrot":24,"minecraft:cobbled_deepslate":40,"minecraft:golden_axe":11,"minecraft:birch_planks":2,"minecraft:birch_boat":5,"minecraft:cobblestone_slab":8,"minecraft:crafting_table":15,"minecraft:red_bed":1,"minecraft:birch_sign":3,"minecraft:white_bed":2,"minecraft:diamond_pickaxe":253,"minecraft:iron_pickaxe":401,"minecraft:stone_axe":57,"minecraft:cobblestone":289,"minecraft:cooked_porkchop":1,"minecraft:porkchop":2,"minecraft:bucket":1,"minecraft:yellow_bed":5},"minecraft:killed_by":{"minecraft:piglin_brute":4,"minecraft:piglin":1,"minecraft:iron_golem":2,"minecraft:skeleton":1},"minecraft:custom":{"minecraft:interact_with_crafting_table":91,"minecraft:bell_ring":2,"minecraft:leave_game":10,"minecraft:time_since_death":74275,"minecraft:sprint_one_cm":489576,"minecraft:damage_blocked_by_shield":75,"minecraft:drop":202,"minecraft:talked_to_villager":12,"minecraft:play_time":246657,"minecraft:deaths":9,"minecraft:jump":3934,"minecraft:walk_on_water_one_cm":23066,"minecraft:interact_with_furnace":37,"minecraft:traded_with_villager":16,"minecraft:sleep_in_bed":5,"minecraft:damage_dealt":37593,"minecraft:player_kills":1,"minecraft:crouch_one_cm":35962,"minecraft:mob_kills":164,"minecraft:interact_with_anvil":2,"minecraft:inspect_hopper":3,"minecraft:climb_one_cm":1747,"minecraft:walk_one_cm":324811,"minecraft:sneak_time":13501,"minecraft:walk_under_water_one_cm":12550,"minecraft:boat_one_cm":735865,"minecraft:total_world_time":246657,"minecraft:time_since_rest":12123,"minecraft:damage_taken":8367,"minecraft:damage_absorbed":40,"minecraft:swim_one_cm":77712,"minecraft:fly_one_cm":4001172,"minecraft:open_chest":215,"minecraft:fall_one_cm":150745},"minecraft:killed":{"minecraft:cave_spider":1,"minecraft:zombified_piglin":19,"minecraft:spider":4,"minecraft:skeleton":3,"minecraft:piglin_brute":13,"minecraft:magma_cube":18,"minecraft:piglin":35,"minecraft:pig":3,"minecraft:iron_golem":2,"minecraft:sheep":1,"minecraft:zombie":13,"minecraft:ghast":3,"minecraft:glow_squid":2,"minecraft:cow":1,"minecraft:blaze":4,"minecraft:hoglin":6,"minecraft:wither_skeleton":3,"minecraft:villager":1,"minecraft:enderman":2},"minecraft:mined":{"minecraft:white_bed":1,"minecraft:farmland":3,"minecraft:brewing_stand":2,"minecraft:obsidian":5,"minecraft:granite":3,"minecraft:acacia_log":2,"minecraft:grass_block":124,"minecraft:cracked_polished_blackstone_bricks":4,"minecraft:hopper":4,"minecraft:nether_wart":20,"minecraft:spawner":1,"minecraft:polished_blackstone_bricks":8,"minecraft:weeping_vines_plant":2,"minecraft:magma_block":5,"minecraft:cobbled_deepslate":1,"minecraft:iron_ore":33,"minecraft:fire":3,"minecraft:anvil":1,"minecraft:deepslate_lapis_ore":1,"minecraft:dirt_path":39,"minecraft:oak_stairs":1,"minecraft:birch_wall_sign":1,"minecraft:orange_bed":2,"minecraft:red_bed":2,"minecraft:blackstone":4,"minecraft:crimson_nylium":3,"minecraft:blast_furnace":1,"minecraft:chest":8,"minecraft:cobblestone":41,"minecraft:grindstone":1,"minecraft:sugar_cane":11,"minecraft:oak_planks":1,"minecraft:nether_wart_block":2,"minecraft:birch_log":14,"minecraft:smooth_stone_slab":1,"minecraft:grass":14,"minecraft:oak_log":33,"minecraft:dirt":169,"minecraft:netherrack":360,"minecraft:oak_leaves":7,"minecraft:deepslate":40,"minecraft:yellow_terracotta":1,"minecraft:nether_gold_ore":1,"minecraft:tuff":40,"minecraft:deepslate_diamond_ore":31,"minecraft:nether_bricks":3,"minecraft:hay_block":16,"minecraft:furnace":1,"minecraft:acacia_wood":1,"minecraft:acacia_stairs":1,"minecraft:andesite":11,"minecraft:gold_block":36,"minecraft:nether_brick_fence":2,"minecraft:bookshelf":8,"minecraft:cobblestone_slab":3,"minecraft:deepslate_iron_ore":34,"minecraft:warped_stem":4,"minecraft:stone":370,"minecraft:white_wool":4,"minecraft:glass_pane":2,"minecraft:soul_sand":5,"minecraft:basalt":5,"minecraft:crafting_table":13,"minecraft:lectern":1,"minecraft:tall_grass":5,"minecraft:copper_ore":1,"minecraft:deepslate_gold_ore":1,"minecraft:polished_blackstone_brick_stairs":1,"minecraft:diorite":13,"minecraft:orange_carpet":2,"minecraft:birch_planks":1,"minecraft:red_terracotta":2,"minecraft:white_carpet":2,"minecraft:birch_leaves":1,"minecraft:yellow_bed":18,"minecraft:coal_ore":14,"minecraft:gravel":2,"minecraft:cobweb":2},"minecraft:dropped":{"minecraft:acacia_wood":3,"minecraft:dirt":1,"minecraft:orange_carpet":2,"minecraft:bone_meal":27,"minecraft:sugar_cane":12,"minecraft:cobbled_deepslate":5,"minecraft:rotten_flesh":9,"minecraft:oak_planks":2,"minecraft:white_bed":1,"minecraft:acacia_stairs":1,"minecraft:melon_seeds":1,"minecraft:beetroot_seeds":1,"minecraft:chest":1,"minecraft:quartz":11,"minecraft:cobblestone":6,"minecraft:golden_carrot":7,"minecraft:string":10217,"minecraft:smooth_stone_slab":2,"minecraft:tuff":7,"minecraft:raw_iron":1,"minecraft:stone_shovel":1,"minecraft:white_carpet":2,"minecraft:cobblestone_slab":95,"minecraft:andesite":4,"minecraft:diamond_boots":1,"minecraft:stone_pickaxe":1,"minecraft:wooden_pickaxe":1},"minecraft:picked_up":{"minecraft:wooden_axe":1,"minecraft:iron_chestplate":3,"minecraft:wheat":52,"minecraft:nether_brick_fence":2,"minecraft:oak_stairs":1,"minecraft:enchanted_book":1,"minecraft:brewing_stand":2,"minecraft:polished_blackstone_brick_stairs":1,"minecraft:string":9951,"minecraft:raw_copper":6,"minecraft:smooth_stone_slab":2,"minecraft:iron_leggings":3,"minecraft:diamond_leggings":1,"minecraft:gold_nugget":47,"minecraft:cobbled_deepslate":141,"minecraft:cobblestone_slab":99,"minecraft:iron_pickaxe":3,"minecraft:furnace":1,"minecraft:iron_boots":3,"minecraft:golden_helmet":8,"minecraft:stick":32,"minecraft:torch":106,"minecraft:acacia_log":4,"minecraft:porkchop":33,"minecraft:golden_axe":1,"minecraft:diorite":13,"minecraft:orange_bed":2,"minecraft:rotten_flesh":25,"minecraft:iron_block":1,"minecraft:blaze_rod":2,"minecraft:obsidian":42,"minecraft:cobblestone":415,"minecraft:birch_log":14,"minecraft:magma_block":20,"minecraft:magma_cream":11,"minecraft:andesite":11,"minecraft:orange_carpet":4,"minecraft:golden_leggings":1,"minecraft:flint":4,"minecraft:tuff":45,"minecraft:map":1,"minecraft:dirt":348,"minecraft:name_tag":4,"minecraft:bone":42,"minecraft:wheat_seeds":3,"minecraft:raw_gold":2,"minecraft:grindstone":1,"minecraft:powered_rail":5,"minecraft:oak_planks":3,"minecraft:cooked_porkchop":2,"minecraft:music_disc_13":1,"minecraft:acacia_stairs":1,"minecraft:spectral_arrow":45,"minecraft:red_terracotta":2,"minecraft:diamond":33,"minecraft:cracked_polished_blackstone_bricks":1,"minecraft:crossbow":2,"minecraft:granite":3,"minecraft:bone_meal":41,"minecraft:bread":86,"minecraft:netherrack":243,"minecraft:crafting_table":12,"minecraft:nether_wart":18,"minecraft:wooden_pickaxe":2,"minecraft:gold_block":54,"minecraft:chain":5,"minecraft:shield":1,"minecraft:red_bed":3,"minecraft:iron_axe":2,"minecraft:white_carpet":4,"minecraft:blackstone":4,"minecraft:detector_rail":4,"minecraft:beef":1,"minecraft:iron_nugget":15,"minecraft:lectern":1,"minecraft:sugar_cane":33,"minecraft:chest":9,"minecraft:raw_iron":100,"minecraft:polished_blackstone_bricks":3,"minecraft:iron_horse_armor":1,"minecraft:weeping_vines":2,"minecraft:arrow":92,"minecraft:stone_shovel":2,"minecraft:beetroot_seeds":1,"minecraft:nether_bricks":2,"minecraft:hay_block":15,"minecraft:yellow_terracotta":1,"minecraft:saddle":1,"minecraft:gold_ingot":8,"minecraft:rail":8,"minecraft:white_wool":3,"minecraft:basalt":4,"minecraft:golden_carrot":26,"minecraft:leather":5,"minecraft:acacia_wood":3,"minecraft:birch_planks":2,"minecraft:oak_log":70,"minecraft:nether_wart_block":3,"minecraft:golden_boots":2,"minecraft:yellow_bed":5,"minecraft:gunpowder":2,"minecraft:apple":2,"minecraft:warped_stem":3,"minecraft:iron_ingot":27,"minecraft:stone_pickaxe":5,"minecraft:soul_sand":11,"minecraft:iron_sword":7,"minecraft:book":49,"minecraft:birch_boat":6,"minecraft:gravel":2,"minecraft:blast_furnace":1,"minecraft:white_bed":3,"minecraft:crying_obsidian":10,"minecraft:pumpkin_seeds":4,"minecraft:stone_axe":2,"minecraft:iron_helmet":1,"minecraft:diamond_axe":1,"minecraft:birch_sign":1,"minecraft:melon_seeds":1,"minecraft:coal":27,"minecraft:hopper":4},"minecraft:crafted":{"minecraft:oak_planks":144,"minecraft:cobblestone_slab":96,"minecraft:blaze_powder":4,"minecraft:birch_boat":2,"minecraft:warped_planks":12,"minecraft:hopper":1,"minecraft:diamond_helmet":1,"minecraft:iron_boots":1,"minecraft:chest":4,"minecraft:stone_hoe":1,"minecraft:ender_eye":1,"minecraft:emerald":16,"minecraft:cooked_porkchop":2,"minecraft:diamond_axe":1,"minecraft:crafting_table":7,"minecraft:wooden_pickaxe":4,"minecraft:iron_helmet":2,"minecraft:birch_planks":56,"minecraft:wooden_hoe":1,"minecraft:iron_chestplate":2,"minecraft:diamond_pickaxe":2,"minecraft:shield":2,"minecraft:stick":80,"minecraft:iron_pickaxe":4,"minecraft:iron_ingot":66,"minecraft:iron_block":1,"minecraft:stone_sword":1,"minecraft:acacia_door":3,"minecraft:gold_ingot":126,"minecraft:netherite_ingot":1,"minecraft:stone_shovel":2,"minecraft:furnace":1,"minecraft:bone_meal":99,"minecraft:iron_axe":1,"minecraft:stone_pickaxe":10,"minecraft:netherite_scrap":3,"minecraft:wheat":135,"minecraft:diamond_sword":1,"minecraft:iron_sword":1,"minecraft:bucket":1,"minecraft:stone_axe":3,"minecraft:bread":35,"minecraft:air":0,"minecraft:oak_boat":2,"minecraft:wooden_axe":3,"minecraft:iron_shovel":1,"minecraft:iron_leggings":1,"minecraft:anvil":1,"minecraft:white_bed":1,"minecraft:acacia_planks":8}},"DataVersion":3337}