{"stats":{"minecraft:broken":{"minecraft:golden_helmet":1,"minecraft:stone_pickaxe":1,"minecraft:stone_axe":2,"minecraft:iron_sword":1,"minecraft:golden_axe":1,"minecraft:iron_pickaxe":1,"minecraft:golden_pickaxe":1},"minecraft:used":{"minecraft:iron_shovel":148,"minecraft:bone_block":24,"minecraft:chest":23,"minecraft:shield":1,"minecraft:iron_sword":1111,"minecraft:rotten_flesh":3,"minecraft:iron_chestplate":1,"minecraft:nether_bricks":15,"minecraft:tuff":38,"minecraft:obsidian":34,"minecraft:iron_helmet":1,"minecraft:magma_block":5,"minecraft:furnace":2,"minecraft:chiseled_polished_blackstone":2,"minecraft:diorite":13,"minecraft:oak_planks":66,"minecraft:stone_pickaxe":456,"minecraft:wooden_pickaxe":9,"minecraft:sugar_cane":10,"minecraft:diamond_axe":27,"minecraft:golden_apple":2,"minecraft:crossbow":19,"minecraft:crying_obsidian":1,"minecraft:acacia_door":1,"minecraft:bread":80,"minecraft:string":5,"minecraft:gravel":2,"minecraft:red_terracotta":1,"minecraft:andesite":7,"minecraft:oak_boat":1,"minecraft:bone_meal":1,"minecraft:golden_pickaxe":32,"minecraft:flint_and_steel":3,"minecraft:stone_shovel":176,"minecraft:stone_hoe":69,"minecraft:netherrack":115,"minecraft:brewing_stand":1,"minecraft:dirt":1193,"minecraft:anvil":1,"minecraft:hopper":8,"minecraft:granite":3,"minecraft:wooden_axe":13,"minecraft:iron_axe":2,"minecraft:barrel":1,"minecraft:golden_carrot":44,"minecraft:cobbled_deepslate":40,"minecraft:golden_axe":11,"minecraft:birch_planks":2,"minecraft:birch_boat":5,"minecraft:cobblestone_slab":13,"minecraft:polished_blackstone_bricks":1,"minecraft:mossy_cobblestone":3,"minecraft:oak_slab":39,"minecraft:crafting_table":18,"minecraft:red_bed":1,"minecraft:birch_sign":3,"minecraft:white_bed":9,"minecraft:diamond_pickaxe":332,"minecraft:diamond_shovel":724,"minecraft:iron_pickaxe":826,"minecraft:stone_axe":194,"minecraft:cobblestone":385,"minecraft:porkchop":2,"minecraft:cooked_porkchop":3,"minecraft:bucket":1,"minecraft:yellow_bed":10},"minecraft:killed_by":{"minecraft:piglin_brute":4,"minecraft:creeper":1,"minecraft:piglin":1,"minecraft:iron_golem":3,"minecraft:skeleton":1},"minecraft:custom":{"minecraft:interact_with_crafting_table":130,"minecraft:open_barrel":1,"minecraft:bell_ring":2,"minecraft:leave_game":19,"minecraft:time_since_death":29220,"minecraft:sprint_one_cm":778572,"minecraft:damage_blocked_by_shield":75,"minecraft:drop":280,"minecraft:talked_to_villager":127,"minecraft:play_time":393810,"minecraft:deaths":12,"minecraft:jump":5317,"minecraft:walk_on_water_one_cm":25844,"minecraft:interact_with_furnace":43,"minecraft:traded_with_villager":359,"minecraft:sleep_in_bed":9,"minecraft:open_enderchest":1,"minecraft:damage_dealt":52150,"minecraft:player_kills":1,"minecraft:crouch_one_cm":70642,"minecraft:interact_with_anvil":5,"minecraft:mob_kills":228,"minecraft:inspect_hopper":7,"minecraft:climb_one_cm":2040,"minecraft:walk_one_cm":606582,"minecraft:sneak_time":21081,"minecraft:walk_under_water_one_cm":13022,"minecraft:boat_one_cm":822152,"minecraft:total_world_time":393810,"minecraft:time_since_rest":29246,"minecraft:damage_absorbed":40,"minecraft:damage_taken":12451,"minecraft:swim_one_cm":77712,"minecraft:fly_one_cm":6252472,"minecraft:open_chest":458,"minecraft:fall_one_cm":216386},"minecraft:killed":{"minecraft:cave_spider":1,"minecraft:zombified_piglin":21,"minecraft:spider":4,"minecraft:skeleton":4,"minecraft:piglin_brute":13,"minecraft:cat":1,"minecraft:magma_cube":18,"minecraft:piglin":35,"minecraft:pig":3,"minecraft:iron_golem":5,"minecraft:sheep":2,"minecraft:zombie":26,"minecraft:ghast":3,"minecraft:glow_squid":2,"minecraft:cow":1,"minecraft:blaze":42,"minecraft:hoglin":8,"minecraft:wither_skeleton":4,"minecraft:villager":1,"minecraft:enderman":2},"minecraft:mined":{"minecraft:white_bed":5,"minecraft:farmland":3,"minecraft:cobblestone_stairs":4,"minecraft:brewing_stand":2,"minecraft:obsidian":19,"minecraft:granite":3,"minecraft:chiseled_polished_blackstone":2,"minecraft:acacia_log":2,"minecraft:grass_block":610,"minecraft:cracked_polished_blackstone_bricks":4,"minecraft:hopper":7,"minecraft:crimson_fungus":4,"minecraft:nether_wart":40,"minecraft:spawner":1,"minecraft:polished_blackstone_bricks":9,"minecraft:weeping_vines_plant":2,"minecraft:magma_block":5,"minecraft:iron_ore":77,"minecraft:cobbled_deepslate":2,"minecraft:fire":6,"minecraft:deepslate_lapis_ore":1,"minecraft:anvil":1,"minecraft:dirt_path":67,"minecraft:oak_stairs":18,"minecraft:birch_wall_sign":1,"minecraft:tripwire":4,"minecraft:orange_bed":2,"minecraft:red_bed":2,"minecraft:blackstone":4,"minecraft:crimson_nylium":26,"minecraft:blast_furnace":1,"minecraft:chest":11,"minecraft:cobblestone":199,"minecraft:grindstone":1,"minecraft:sugar_cane":24,"minecraft:oak_planks":35,"minecraft:white_terracotta":2,"minecraft:nether_wart_block":2,"minecraft:birch_log":14,"minecraft:stripped_oak_wood":1,"minecraft:smooth_stone_slab":1,"minecraft:grass":26,"minecraft:oak_log":91,"minecraft:dirt":392,"minecraft:netherrack":425,"minecraft:oak_leaves":18,"minecraft:deepslate":41,"minecraft:yellow_terracotta":1,"minecraft:nether_gold_ore":1,"minecraft:tuff":40,"minecraft:mossy_cobblestone":6,"minecraft:deepslate_diamond_ore":31,"minecraft:nether_bricks":26,"minecraft:crimson_roots":8,"minecraft:hay_block":16,"minecraft:furnace":1,"minecraft:acacia_wood":1,"minecraft:acacia_stairs":1,"minecraft:andesite":17,"minecraft:gold_block":36,"minecraft:nether_brick_fence":4,"minecraft:bookshelf":8,"minecraft:deepslate_iron_ore":34,"minecraft:cobblestone_slab":4,"minecraft:warped_stem":4,"minecraft:stone":484,"minecraft:white_wool":4,"minecraft:ender_chest":1,"minecraft:oak_slab":16,"minecraft:glass_pane":3,"minecraft:soul_sand":5,"minecraft:basalt":5,"minecraft:dandelion":1,"minecraft:oak_fence":3,"minecraft:crafting_table":14,"minecraft:lectern":1,"minecraft:tall_grass":5,"minecraft:copper_ore":2,"minecraft:deepslate_gold_ore":1,"minecraft:polished_blackstone_brick_stairs":1,"minecraft:diorite":19,"minecraft:orange_carpet":2,"minecraft:birch_planks":1,"minecraft:red_terracotta":2,"minecraft:white_carpet":2,"minecraft:birch_leaves":2,"minecraft:yellow_bed":22,"minecraft:coal_ore":14,"minecraft:gravel":4,"minecraft:cobweb":2},"minecraft:dropped":{"minecraft:acacia_wood":3,"minecraft:porkchop":3,"minecraft:cookie":24,"minecraft:dirt":31,"minecraft:orange_carpet":2,"minecraft:crimson_roots":7,"minecraft:gold_nugget":24,"minecraft:bone_meal":27,"minecraft:iron_pickaxe":1,"minecraft:bone":5,"minecraft:gravel":8,"minecraft:crimson_fungus":3,"minecraft:sugar_cane":12,"minecraft:cobbled_deepslate":5,"minecraft:wheat":6,"minecraft:rotten_flesh":16,"minecraft:oak_planks":15,"minecraft:azure_bluet":3,"minecraft:white_bed":1,"minecraft:acacia_stairs":1,"minecraft:poppy":3,"minecraft:beetroot_seeds":3,"minecraft:melon_seeds":1,"minecraft:chest":1,"minecraft:quartz":11,"minecraft:netherrack":192,"minecraft:iron_ingot":7,"minecraft:bread":128,"minecraft:oak_slab":98,"minecraft:mossy_cobblestone":3,"minecraft:poisonous_potato":1,"minecraft:cobblestone":39,"minecraft:stick":12,"minecraft:diorite":37,"minecraft:golden_carrot":7,"minecraft:string":10728,"minecraft:redstone":2,"minecraft:smooth_stone_slab":2,"minecraft:tuff":7,"minecraft:raw_iron":45,"minecraft:stone_shovel":1,"minecraft:white_carpet":2,"minecraft:cobblestone_slab":155,"minecraft:andesite":4,"minecraft:oak_sapling":1,"minecraft:barrel":20,"minecraft:diamond_boots":1,"minecraft:stone_pickaxe":4,"minecraft:wooden_pickaxe":1},"minecraft:picked_up":{"minecraft:wooden_axe":1,"minecraft:iron_chestplate":7,"minecraft:wheat":57,"minecraft:nether_brick_fence":4,"minecraft:diamond_sword":2,"minecraft:oak_stairs":65,"minecraft:enchanted_book":4,"minecraft:gilded_blackstone":25,"minecraft:brewing_stand":3,"minecraft:golden_sword":2,"minecraft:polished_blackstone_brick_stairs":1,"minecraft:string":16002,"minecraft:raw_copper":11,"minecraft:smooth_stone_slab":2,"minecraft:iron_leggings":3,"minecraft:netherite_ingot":4,"minecraft:activator_rail":4,"minecraft:diamond_leggings":3,"minecraft:gold_nugget":56,"minecraft:cobbled_deepslate":319,"minecraft:cobblestone_slab":192,"minecraft:ender_eye":2,"minecraft:iron_pickaxe":8,"minecraft:furnace":1,"minecraft:iron_boots":3,"minecraft:golden_helmet":8,"minecraft:stick":48,"minecraft:torch":114,"minecraft:acacia_log":4,"minecraft:porkchop":36,"minecraft:golden_axe":1,"minecraft:diorite":80,"minecraft:golden_chestplate":1,"minecraft:orange_bed":2,"minecraft:rotten_flesh":90,"minecraft:iron_block":1,"minecraft:blaze_rod":23,"minecraft:obsidian":80,"minecraft:cod":6,"minecraft:blaze_powder":3,"minecraft:cobblestone":803,"minecraft:birch_log":14,"minecraft:magma_block":20,"minecraft:magma_cream":107,"minecraft:andesite":52,"minecraft:orange_carpet":4,"minecraft:golden_leggings":1,"minecraft:potato":2,"minecraft:flint":8,"minecraft:tuff":57,"minecraft:map":1,"minecraft:dirt":1114,"minecraft:name_tag":9,"minecraft:bone":50,"minecraft:wheat_seeds":39,"minecraft:raw_gold":3,"minecraft:grindstone":1,"minecraft:diamond_helmet":3,"minecraft:powered_rail":10,"minecraft:stone_hoe":1,"minecraft:oak_planks":47,"minecraft:ghast_tear":1,"minecraft:chiseled_polished_blackstone":4,"minecraft:cooked_porkchop":6,"minecraft:music_disc_13":2,"minecraft:poisonous_potato":1,"minecraft:grass_block":1,"minecraft:acacia_stairs":1,"minecraft:mossy_cobblestone":8,"minecraft:spectral_arrow":83,"minecraft:red_terracotta":2,"minecraft:barrel":12,"minecraft:diamond":33,"minecraft:cracked_polished_blackstone_bricks":39,"minecraft:crossbow":5,"minecraft:granite":3,"minecraft:bone_meal":68,"minecraft:golden_apple":5,"minecraft:emerald":240,"minecraft:golden_horse_armor":2,"minecraft:bread":247,"minecraft:oak_sapling":1,"minecraft:netherrack":511,"minecraft:crimson_roots":7,"minecraft:diamond_pickaxe":2,"minecraft:crafting_table":15,"minecraft:azure_bluet":9,"minecraft:nether_wart":38,"minecraft:wooden_pickaxe":3,"minecraft:gold_block":54,"minecraft:diamond_horse_armor":1,"minecraft:chain":17,"minecraft:shield":1,"minecraft:red_bed":3,"minecraft:iron_axe":2,"minecraft:flint_and_steel":2,"minecraft:netherite_scrap":4,"minecraft:white_carpet":4,"minecraft:blackstone":66,"minecraft:detector_rail":12,"minecraft:beef":2,"minecraft:iron_nugget":21,"minecraft:poppy":3,"minecraft:lectern":1,"minecraft:sugar_cane":61,"minecraft:chest":17,"minecraft:birch_sapling":1,"minecraft:raw_iron":144,"minecraft:oak_door":4,"minecraft:polished_blackstone_bricks":5,"minecraft:cookie":24,"minecraft:carrot":1,"minecraft:redstone":2,"minecraft:iron_horse_armor":3,"minecraft:stone_shovel":2,"minecraft:arrow":213,"minecraft:weeping_vines":2,"minecraft:diamond_chestplate":2,"minecraft:beetroot_seeds":27,"minecraft:golden_hoe":1,"minecraft:nether_bricks":23,"minecraft:diamond_boots":2,"minecraft:hay_block":15,"minecraft:yellow_terracotta":1,"minecraft:saddle":1,"minecraft:gold_ingot":81,"minecraft:rail":8,"minecraft:white_wool":3,"minecraft:basalt":4,"minecraft:golden_carrot":56,"minecraft:leather":7,"minecraft:acacia_wood":3,"minecraft:birch_planks":21,"minecraft:crimson_fungus":4,"minecraft:oak_log":130,"minecraft:yellow_bed":11,"minecraft:golden_boots":3,"minecraft:nether_wart_block":3,"minecraft:gunpowder":2,"minecraft:cobblestone_stairs":12,"minecraft:paper":5,"minecraft:apple":5,"minecraft:kelp":2,"minecraft:warped_stem":3,"minecraft:iron_ingot":38,"minecraft:stone_pickaxe":12,"minecraft:stripped_oak_wood":1,"minecraft:iron_sword":14,"minecraft:soul_sand":11,"minecraft:book":99,"minecraft:oak_slab":105,"minecraft:birch_boat":6,"minecraft:dandelion":14,"minecraft:gravel":12,"minecraft:blast_furnace":1,"minecraft:white_bed":8,"minecraft:crying_obsidian":14,"minecraft:spider_eye":3,"minecraft:firework_rocket":63,"minecraft:diamond_shovel":2,"minecraft:pumpkin_seeds":4,"minecraft:stone_axe":7,"minecraft:iron_helmet":2,"minecraft:diamond_axe":1,"minecraft:birch_sign":6,"minecraft:lodestone":1,"minecraft:melon_seeds":3,"minecraft:coal":28,"minecraft:hopper":7},"minecraft:crafted":{"minecraft:oak_planks":380,"minecraft:cobblestone_slab":96,"minecraft:barrel":13,"minecraft:blaze_powder":46,"minecraft:birch_boat":2,"minecraft:diamond_shovel":1,"minecraft:warped_planks":12,"minecraft:hopper":1,"minecraft:diamond_helmet":1,"minecraft:iron_boots":1,"minecraft:chest":19,"minecraft:stone_hoe":1,"minecraft:ender_eye":1,"minecraft:oak_slab":102,"minecraft:emerald":306,"minecraft:cooked_porkchop":2,"minecraft:diamond_axe":1,"minecraft:crafting_table":8,"minecraft:wooden_pickaxe":4,"minecraft:iron_helmet":2,"minecraft:birch_planks":56,"minecraft:wooden_hoe":1,"minecraft:iron_chestplate":2,"minecraft:paper":12,"minecraft:diamond_pickaxe":2,"minecraft:shield":2,"minecraft:stick":100,"minecraft:iron_ingot":67,"minecraft:iron_pickaxe":5,"minecraft:iron_block":1,"minecraft:stone_sword":1,"minecraft:acacia_door":3,"minecraft:gold_ingot":126,"minecraft:netherite_ingot":1,"minecraft:cookie":216,"minecraft:stone_shovel":2,"minecraft:furnace":1,"minecraft:bone_meal":99,"minecraft:flint_and_steel":1,"minecraft:iron_axe":1,"minecraft:stone_pickaxe":10,"minecraft:netherite_scrap":3,"minecraft:wheat":135,"minecraft:diamond_sword":1,"minecraft:iron_sword":1,"minecraft:bucket":1,"minecraft:stone_axe":4,"minecraft:air":0,"minecraft:bread":209,"minecraft:oak_boat":2,"minecraft:golden_apple":2,"minecraft:wooden_axe":3,"minecraft:iron_shovel":1,"minecraft:anvil":1,"minecraft:iron_leggings":1,"minecraft:white_bed":1,"minecraft:pumpkin_pie":48,"minecraft:acacia_planks":8,"minecraft:firework_rocket":21}},"DataVersion":3337}