{"stats":{"minecraft:used":{"minecraft:birch_planks":2,"minecraft:stone_pickaxe":68,"minecraft:oak_planks":4,"minecraft:wooden_pickaxe":9,"minecraft:chest":3,"minecraft:birch_boat":5,"minecraft:iron_sword":6,"minecraft:dirt":4,"minecraft:crafting_table":9,"minecraft:wooden_axe":12,"minecraft:bread":6,"minecraft:red_terracotta":1,"minecraft:stone_axe":44,"minecraft:cobblestone":1,"minecraft:porkchop":2,"minecraft:oak_boat":1},"minecraft:killed":{"minecraft:pig":3,"minecraft:villager":1},"minecraft:killed_by":{"minecraft:iron_golem":2},"minecraft:picked_up":{"minecraft:birch_log":14,"minecraft:crafting_table":7,"minecraft:orange_carpet":2,"minecraft:acacia_wood":1,"minecraft:oak_log":7,"minecraft:brewing_stand":2,"minecraft:dirt":4,"minecraft:red_bed":2,"minecraft:raw_copper":3,"minecraft:white_carpet":2,"minecraft:wheat_seeds":1,"minecraft:grindstone":1,"minecraft:lectern":1,"minecraft:sugar_cane":7,"minecraft:chest":3,"minecraft:oak_planks":1,"minecraft:book":24,"minecraft:raw_iron":1,"minecraft:birch_boat":4,"minecraft:acacia_log":2,"minecraft:porkchop":5,"minecraft:blast_furnace":1,"minecraft:white_bed":1,"minecraft:acacia_stairs":1,"minecraft:red_terracotta":2,"minecraft:orange_bed":2,"minecraft:hay_block":9,"minecraft:yellow_terracotta":1,"minecraft:cobblestone":64},"minecraft:custom":{"minecraft:mob_kills":4,"minecraft:interact_with_crafting_table":15,"minecraft:leave_game":1,"minecraft:time_since_death":4648,"minecraft:time_since_rest":4677,"minecraft:sprint_one_cm":52818,"minecraft:damage_taken":1034,"minecraft:walk_one_cm":24328,"minecraft:drop":2,"minecraft:damage_dealt":966,"minecraft:swim_one_cm":10711,"minecraft:talked_to_villager":3,"minecraft:fly_one_cm":91992,"minecraft:open_chest":14,"minecraft:crouch_one_cm":693,"minecraft:play_time":35635,"minecraft:deaths":2,"minecraft:sneak_time":803,"minecraft:walk_under_water_one_cm":2900,"minecraft:boat_one_cm":707726,"minecraft:jump":395,"minecraft:walk_on_water_one_cm":2187,"minecraft:total_world_time":35635,"minecraft:fall_one_cm":10542},"minecraft:dropped":{"minecraft:acacia_wood":1,"minecraft:acacia_stairs":1},"minecraft:crafted":{"minecraft:oak_planks":28,"minecraft:crafting_table":4,"minecraft:birch_boat":2,"minecraft:wooden_pickaxe":4,"minecraft:birch_planks":56,"minecraft:stone_axe":2,"minecraft:oak_boat":2,"minecraft:wooden_hoe":1,"minecraft:stick":32,"minecraft:stone_pickaxe":2,"minecraft:wooden_axe":3,"minecraft:wheat":81},"minecraft:mined":{"minecraft:yellow_terracotta":1,"minecraft:white_bed":1,"minecraft:red_bed":2,"minecraft:brewing_stand":2,"minecraft:crafting_table":8,"minecraft:blast_furnace":1,"minecraft:acacia_log":2,"minecraft:chest":3,"minecraft:lectern":1,"minecraft:copper_ore":1,"minecraft:grindstone":1,"minecraft:oak_planks":1,"minecraft:sugar_cane":4,"minecraft:orange_carpet":2,"minecraft:hay_block":9,"minecraft:red_terracotta":2,"minecraft:birch_log":14,"minecraft:iron_ore":1,"minecraft:acacia_wood":1,"minecraft:white_carpet":2,"minecraft:acacia_stairs":1,"minecraft:birch_leaves":1,"minecraft:grass":2,"minecraft:bookshelf":8,"minecraft:oak_log":7,"minecraft:dirt":5,"minecraft:stone":67,"minecraft:oak_leaves":4,"minecraft:orange_bed":2}},"DataVersion":3337}