{"stats":{"minecraft:used":{"minecraft:wheat_seeds":25,"minecraft:stone_sword":32,"minecraft:iron_shovel":96,"minecraft:birch_planks":32,"minecraft:stone_pickaxe":64,"minecraft:chest":1,"minecraft:wooden_pickaxe":3,"minecraft:birch_boat":3,"minecraft:rotten_flesh":1,"minecraft:dirt":117,"minecraft:crafting_table":7,"minecraft:carrot":9,"minecraft:golden_shovel":6,"minecraft:bread":6,"minecraft:birch_sapling":1,"minecraft:iron_pickaxe":13,"minecraft:stone_axe":121,"minecraft:fire_charge":1,"minecraft:golden_carrot":6,"minecraft:cobblestone":22,"minecraft:furnace":1,"minecraft:yellow_bed":2},"minecraft:killed":{"minecraft:pig":1,"minecraft:spider":1,"minecraft:creeper":1,"minecraft:zombie":2},"minecraft:killed_by":{"minecraft:guardian":1,"minecraft:iron_golem":1},"minecraft:picked_up":{"minecraft:birch_log":26,"minecraft:crafting_table":8,"minecraft:brown_mushroom":17,"minecraft:acacia_wood":2,"minecraft:wooden_pickaxe":1,"minecraft:red_mushroom":8,"minecraft:potato":8,"minecraft:birch_planks":61,"minecraft:golden_shovel":1,"minecraft:oak_log":2,"minecraft:yellow_bed":1,"minecraft:gunpowder":1,"minecraft:dirt":175,"minecraft:white_carpet":2,"minecraft:kelp":1,"minecraft:wheat_seeds":31,"minecraft:stone_pickaxe":1,"minecraft:lectern":1,"minecraft:sugar_cane":3,"minecraft:birch_sapling":2,"minecraft:oak_planks":7,"minecraft:book":12,"minecraft:raw_iron":4,"minecraft:birch_boat":1,"minecraft:composter":2,"minecraft:porkchop":1,"minecraft:white_bed":1,"minecraft:carrot":14,"minecraft:rotten_flesh":2,"minecraft:beetroot_seeds":6,"minecraft:hay_block":9,"minecraft:coal":22,"minecraft:cobblestone":49},"minecraft:custom":{"minecraft:mob_kills":4,"minecraft:interact_with_crafting_table":12,"minecraft:leave_game":2,"minecraft:time_since_death":15272,"minecraft:sleep_in_bed":2,"minecraft:time_since_rest":8853,"minecraft:sprint_one_cm":110105,"minecraft:damage_taken":1537,"minecraft:walk_one_cm":71992,"minecraft:drop":13,"minecraft:damage_dealt":1590,"minecraft:swim_one_cm":30220,"minecraft:talked_to_villager":1,"minecraft:fly_one_cm":147625,"minecraft:open_chest":24,"minecraft:crouch_one_cm":9111,"minecraft:play_time":45920,"minecraft:deaths":2,"minecraft:sneak_time":2065,"minecraft:walk_under_water_one_cm":2702,"minecraft:boat_one_cm":424607,"minecraft:jump":867,"minecraft:walk_on_water_one_cm":2864,"minecraft:total_world_time":45920,"minecraft:fall_one_cm":23804},"minecraft:dropped":{"minecraft:acacia_wood":2,"minecraft:wheat_seeds":6,"minecraft:birch_sapling":1,"minecraft:white_carpet":2,"minecraft:white_bed":1,"minecraft:beetroot_seeds":6},"minecraft:mined":{"minecraft:powder_snow":23,"minecraft:crafting_table":4,"minecraft:grass_block":56,"minecraft:lectern":1,"minecraft:mushroom_stem":12,"minecraft:brown_mushroom_block":30,"minecraft:cobblestone":7,"minecraft:composter":2,"minecraft:sugar_cane":1,"minecraft:oak_planks":7,"minecraft:hay_block":5,"minecraft:birch_planks":7,"minecraft:carrots":13,"minecraft:wheat":30,"minecraft:birch_log":23,"minecraft:iron_ore":4,"minecraft:birch_leaves":6,"minecraft:yellow_bed":1,"minecraft:dirt_path":7,"minecraft:potatoes":8,"minecraft:grass":29,"minecraft:bookshelf":4,"minecraft:coal_ore":22,"minecraft:oak_log":2,"minecraft:beetroots":2,"minecraft:dirt":50,"minecraft:red_mushroom_block":37,"minecraft:stone":38},"minecraft:crafted":{"minecraft:crafting_table":3,"minecraft:birch_boat":3,"minecraft:wooden_pickaxe":1,"minecraft:furnace":1,"minecraft:birch_planks":104,"minecraft:stone_axe":1,"minecraft:bread":24,"minecraft:stick":20,"minecraft:stone_pickaxe":1,"minecraft:stone_sword":1,"minecraft:iron_shovel":1,"minecraft:white_bed":1,"minecraft:wheat":72}},"DataVersion":3337}