{"stats":{"minecraft:used":{"minecraft:wheat_seeds":25,"minecraft:stone_sword":27,"minecraft:iron_shovel":44,"minecraft:birch_planks":32,"minecraft:stone_pickaxe":64,"minecraft:chest":1,"minecraft:wooden_pickaxe":3,"minecraft:birch_boat":3,"minecraft:rotten_flesh":1,"minecraft:dirt":65,"minecraft:crafting_table":7,"minecraft:carrot":9,"minecraft:golden_shovel":6,"minecraft:bread":4,"minecraft:birch_sapling":1,"minecraft:iron_pickaxe":3,"minecraft:stone_axe":121,"minecraft:fire_charge":1,"minecraft:golden_carrot":6,"minecraft:cobblestone":22,"minecraft:yellow_bed":2},"minecraft:killed":{"minecraft:pig":1,"minecraft:spider":1,"minecraft:zombie":2},"minecraft:killed_by":{"minecraft:guardian":1,"minecraft:iron_golem":1},"minecraft:picked_up":{"minecraft:birch_log":26,"minecraft:crafting_table":8,"minecraft:brown_mushroom":17,"minecraft:wooden_pickaxe":1,"minecraft:red_mushroom":8,"minecraft:potato":8,"minecraft:birch_planks":61,"minecraft:golden_shovel":1,"minecraft:oak_log":2,"minecraft:yellow_bed":1,"minecraft:dirt":79,"minecraft:kelp":1,"minecraft:wheat_seeds":31,"minecraft:stone_pickaxe":1,"minecraft:lectern":1,"minecraft:sugar_cane":3,"minecraft:birch_sapling":2,"minecraft:oak_planks":7,"minecraft:book":12,"minecraft:raw_iron":4,"minecraft:birch_boat":1,"minecraft:composter":2,"minecraft:porkchop":1,"minecraft:carrot":14,"minecraft:rotten_flesh":2,"minecraft:beetroot_seeds":4,"minecraft:hay_block":9,"minecraft:coal":22,"minecraft:cobblestone":35},"minecraft:custom":{"minecraft:mob_kills":3,"minecraft:interact_with_crafting_table":11,"minecraft:leave_game":1,"minecraft:time_since_death":11284,"minecraft:sleep_in_bed":2,"minecraft:time_since_rest":4865,"minecraft:sprint_one_cm":92635,"minecraft:damage_taken":1419,"minecraft:walk_one_cm":57983,"minecraft:drop":6,"minecraft:damage_dealt":1374,"minecraft:swim_one_cm":30220,"minecraft:talked_to_villager":1,"minecraft:fly_one_cm":132293,"minecraft:open_chest":24,"minecraft:crouch_one_cm":5520,"minecraft:play_time":41932,"minecraft:deaths":2,"minecraft:sneak_time":1231,"minecraft:walk_under_water_one_cm":2702,"minecraft:boat_one_cm":424607,"minecraft:jump":793,"minecraft:walk_on_water_one_cm":2864,"minecraft:total_world_time":41932,"minecraft:fall_one_cm":22633},"minecraft:dropped":{"minecraft:wheat_seeds":6,"minecraft:birch_sapling":1,"minecraft:beetroot_seeds":3},"minecraft:mined":{"minecraft:powder_snow":23,"minecraft:crafting_table":4,"minecraft:grass_block":50,"minecraft:lectern":1,"minecraft:mushroom_stem":12,"minecraft:brown_mushroom_block":30,"minecraft:cobblestone":3,"minecraft:composter":2,"minecraft:sugar_cane":1,"minecraft:oak_planks":7,"minecraft:hay_block":5,"minecraft:birch_planks":7,"minecraft:carrots":13,"minecraft:wheat":30,"minecraft:birch_log":23,"minecraft:iron_ore":4,"minecraft:birch_leaves":6,"minecraft:yellow_bed":1,"minecraft:potatoes":8,"minecraft:grass":28,"minecraft:bookshelf":4,"minecraft:coal_ore":22,"minecraft:oak_log":2,"minecraft:beetroots":2,"minecraft:dirt":10,"minecraft:red_mushroom_block":37,"minecraft:stone":32},"minecraft:crafted":{"minecraft:crafting_table":3,"minecraft:birch_boat":3,"minecraft:wooden_pickaxe":1,"minecraft:birch_planks":104,"minecraft:stone_axe":1,"minecraft:bread":24,"minecraft:stick":20,"minecraft:stone_pickaxe":1,"minecraft:stone_sword":1,"minecraft:iron_shovel":1,"minecraft:white_bed":1,"minecraft:wheat":72}},"DataVersion":3337}