{"stats":{"minecraft:used":{"minecraft:stone_sword":40,"minecraft:iron_shovel":479,"minecraft:stone_shovel":123,"minecraft:chest":5,"minecraft:stone_hoe":80,"minecraft:rotten_flesh":1,"minecraft:dirt":546,"minecraft:carrot":27,"minecraft:golden_shovel":6,"minecraft:birch_sapling":1,"minecraft:diamond_chestplate":1,"minecraft:birch_trapdoor":4,"minecraft:golden_carrot":6,"minecraft:furnace":1,"minecraft:potato":8,"minecraft:wheat_seeds":25,"minecraft:water_bucket":7,"minecraft:birch_planks":32,"minecraft:stone_pickaxe":64,"minecraft:oak_planks":1,"minecraft:birch_boat":3,"minecraft:wooden_pickaxe":3,"minecraft:composter":2,"minecraft:golden_hoe":2,"minecraft:crafting_table":8,"minecraft:red_bed":2,"minecraft:birch_sign":1,"minecraft:white_bed":7,"minecraft:bread":21,"minecraft:iron_pickaxe":195,"minecraft:stone_axe":207,"minecraft:fire_charge":1,"minecraft:cobblestone":206,"minecraft:bucket":8,"minecraft:yellow_bed":6},"minecraft:killed":{"minecraft:spider":2,"minecraft:pig":1,"minecraft:creeper":2,"minecraft:zombie":10,"minecraft:villager":1},"minecraft:killed_by":{"minecraft:creeper":1,"minecraft:iron_golem":1,"minecraft:guardian":1,"minecraft:witch":1,"minecraft:zombie":1},"minecraft:picked_up":{"minecraft:crafting_table":8,"minecraft:wheat":5,"minecraft:brown_mushroom":17,"minecraft:wooden_pickaxe":1,"minecraft:golden_shovel":1,"minecraft:golden_sword":1,"minecraft:red_bed":2,"minecraft:acacia_door":1,"minecraft:white_carpet":2,"minecraft:iron_shovel":1,"minecraft:activator_rail":2,"minecraft:iron_pickaxe":3,"minecraft:lectern":1,"minecraft:sugar_cane":5,"minecraft:chest":2,"minecraft:birch_sapling":2,"minecraft:stick":30,"minecraft:raw_iron":4,"minecraft:composter":8,"minecraft:birch_trapdoor":3,"minecraft:porkchop":1,"minecraft:carrot":37,"minecraft:redstone":2,"minecraft:golden_chestplate":1,"minecraft:diamond_chestplate":1,"minecraft:arrow":2,"minecraft:stone_sword":1,"minecraft:rotten_flesh":35,"minecraft:stone_shovel":2,"minecraft:beetroot_seeds":30,"minecraft:golden_hoe":1,"minecraft:hay_block":9,"minecraft:glow_berries":3,"minecraft:obsidian":8,"minecraft:cobblestone":811,"minecraft:stripped_oak_log":1,"minecraft:birch_log":26,"minecraft:andesite":38,"minecraft:acacia_wood":2,"minecraft:red_mushroom":8,"minecraft:potato":26,"minecraft:birch_planks":95,"minecraft:flint":9,"minecraft:tuff":12,"minecraft:oak_log":30,"minecraft:yellow_bed":5,"minecraft:gunpowder":5,"minecraft:lapis_lazuli":9,"minecraft:map":4,"minecraft:dirt":743,"minecraft:apple":3,"minecraft:kelp":1,"minecraft:wheat_seeds":82,"minecraft:stone_pickaxe":22,"minecraft:iron_ingot":24,"minecraft:iron_sword":1,"minecraft:oak_planks":19,"minecraft:book":12,"minecraft:birch_boat":1,"minecraft:white_bed":7,"minecraft:spider_eye":4,"minecraft:stone_axe":3,"minecraft:birch_sign":1,"minecraft:golden_horse_armor":1,"minecraft:bread":44,"minecraft:melon_seeds":6,"minecraft:netherrack":13,"minecraft:coal":22},"minecraft:custom":{"minecraft:mob_kills":16,"minecraft:interact_with_crafting_table":26,"minecraft:leave_game":4,"minecraft:time_since_death":30885,"minecraft:sprint_one_cm":231652,"minecraft:walk_one_cm":293059,"minecraft:drop":35,"minecraft:talked_to_villager":18,"minecraft:play_time":89545,"minecraft:deaths":5,"minecraft:sneak_time":3657,"minecraft:walk_under_water_one_cm":4306,"minecraft:boat_one_cm":424607,"minecraft:jump":1461,"minecraft:walk_on_water_one_cm":3647,"minecraft:total_world_time":89545,"minecraft:interact_with_furnace":8,"minecraft:sleep_in_bed":3,"minecraft:time_since_rest":14067,"minecraft:damage_taken":3090,"minecraft:damage_dealt":3760,"minecraft:swim_one_cm":30220,"minecraft:fly_one_cm":242243,"minecraft:open_chest":58,"minecraft:crouch_one_cm":17740,"minecraft:fall_one_cm":33719},"minecraft:broken":{"minecraft:iron_shovel":1,"minecraft:stone_shovel":1},"minecraft:dropped":{"minecraft:acacia_wood":2,"minecraft:wheat_seeds":33,"minecraft:dirt":1,"minecraft:acacia_door":1,"minecraft:stone_axe":1,"minecraft:birch_sapling":1,"minecraft:white_carpet":2,"minecraft:rotten_flesh":12,"minecraft:white_bed":1,"minecraft:beetroot_seeds":18,"minecraft:melon_seeds":2,"minecraft:spider_eye":4,"minecraft:stone_pickaxe":5,"minecraft:netherrack":12},"minecraft:mined":{"minecraft:white_bed":6,"minecraft:farmland":27,"minecraft:grass_block":331,"minecraft:brown_mushroom_block":30,"minecraft:composter":2,"minecraft:hay_block":5,"minecraft:carrots":18,"minecraft:iron_ore":4,"minecraft:bookshelf":4,"minecraft:potatoes":10,"minecraft:dirt_path":16,"minecraft:stripped_oak_log":1,"minecraft:stone":78,"minecraft:red_bed":2,"minecraft:powder_snow":23,"minecraft:crafting_table":4,"minecraft:chest":1,"minecraft:lectern":1,"minecraft:mushroom_stem":12,"minecraft:tall_grass":11,"minecraft:cobblestone":135,"minecraft:sugar_cane":1,"minecraft:oak_planks":7,"minecraft:birch_planks":25,"minecraft:birch_log":23,"minecraft:wheat":43,"minecraft:birch_leaves":6,"minecraft:yellow_bed":5,"minecraft:grass":94,"minecraft:oak_log":30,"minecraft:coal_ore":22,"minecraft:beetroots":2,"minecraft:acacia_door":1,"minecraft:dirt":233,"minecraft:red_mushroom_block":37,"minecraft:netherrack":5},"minecraft:crafted":{"minecraft:oak_planks":20,"minecraft:birch_boat":3,"minecraft:furnace":1,"minecraft:stone_pickaxe":1,"minecraft:chest":2,"minecraft:stone_hoe":1,"minecraft:birch_sign":3,"minecraft:wheat":72,"minecraft:crafting_table":4,"minecraft:wooden_pickaxe":1,"minecraft:bucket":1,"minecraft:birch_planks":104,"minecraft:stone_axe":2,"minecraft:bread":24,"minecraft:air":0,"minecraft:diamond_pickaxe":1,"minecraft:stick":36,"minecraft:iron_ingot":14,"minecraft:iron_pickaxe":1,"minecraft:birch_trapdoor":4,"minecraft:stone_sword":1,"minecraft:iron_shovel":2,"minecraft:white_bed":1}},"DataVersion":3337}