{"stats":{"minecraft:used":{"minecraft:birch_sapling":1,"minecraft:wooden_pickaxe":3,"minecraft:birch_boat":2,"minecraft:dirt":1,"minecraft:crafting_table":3},"minecraft:killed_by":{"minecraft:guardian":1},"minecraft:picked_up":{"minecraft:birch_log":22,"minecraft:crafting_table":5,"minecraft:wooden_pickaxe":1,"minecraft:birch_planks":54,"minecraft:dirt":2,"minecraft:stone_pickaxe":1,"minecraft:sugar_cane":1,"minecraft:birch_sapling":1,"minecraft:cobblestone":3},"minecraft:custom":{"minecraft:time_since_rest":4167,"minecraft:sprint_one_cm":10278,"minecraft:damage_taken":386,"minecraft:walk_one_cm":7332,"minecraft:damage_dealt":127,"minecraft:interact_with_crafting_table":5,"minecraft:swim_one_cm":4960,"minecraft:fly_one_cm":14929,"minecraft:open_chest":16,"minecraft:crouch_one_cm":184,"minecraft:play_time":9511,"minecraft:deaths":1,"minecraft:sneak_time":96,"minecraft:walk_under_water_one_cm":399,"minecraft:boat_one_cm":173048,"minecraft:jump":76,"minecraft:leave_game":1,"minecraft:time_since_death":4141,"minecraft:walk_on_water_one_cm":997,"minecraft:total_world_time":9511,"minecraft:fall_one_cm":3250},"minecraft:crafted":{"minecraft:crafting_table":1,"minecraft:stick":8,"minecraft:wooden_pickaxe":1,"minecraft:birch_boat":2,"minecraft:stone_pickaxe":1,"minecraft:birch_planks":84},"minecraft:mined":{"minecraft:birch_log":19,"minecraft:birch_leaves":5,"minecraft:crafting_table":2,"minecraft:grass":1,"minecraft:grass_block":2,"minecraft:dirt":1,"minecraft:stone":3}},"DataVersion":3337}