{"stats":{"minecraft:broken":{"minecraft:iron_shovel":2,"minecraft:stone_shovel":1},"minecraft:used":{"minecraft:oak_trapdoor":2,"minecraft:iron_shovel":691,"minecraft:stone_sword":40,"minecraft:enchanting_table":1,"minecraft:stone_shovel":123,"minecraft:chest":7,"minecraft:iron_sword":229,"minecraft:stone_hoe":86,"minecraft:rotten_flesh":1,"minecraft:torch":6,"minecraft:dirt":838,"minecraft:anvil":1,"minecraft:carrot":120,"minecraft:golden_shovel":6,"minecraft:tuff":2,"minecraft:glass":1,"minecraft:birch_sapling":1,"minecraft:iron_boots":1,"minecraft:tripwire_hook":3,"minecraft:barrel":23,"minecraft:diamond_chestplate":2,"minecraft:birch_trapdoor":4,"minecraft:golden_carrot":7,"minecraft:furnace":3,"minecraft:egg":1,"minecraft:potato":8,"minecraft:cobbled_deepslate":8,"minecraft:wheat_seeds":25,"minecraft:water_bucket":35,"minecraft:diorite":17,"minecraft:birch_planks":32,"minecraft:oak_planks":4,"minecraft:stone_pickaxe":64,"minecraft:wooden_pickaxe":3,"minecraft:birch_boat":3,"minecraft:composter":2,"minecraft:sugar_cane":31,"minecraft:cobblestone_slab":11,"minecraft:white_wool":3,"minecraft:golden_hoe":2,"minecraft:birch_sign":1,"minecraft:oak_slab":13,"minecraft:blast_furnace":6,"minecraft:crafting_table":8,"minecraft:red_bed":2,"minecraft:white_bed":23,"minecraft:smoker":1,"minecraft:shears":2,"minecraft:oak_log":1,"minecraft:lever":1,"minecraft:diamond_pickaxe":347,"minecraft:iron_pickaxe":286,"minecraft:bread":79,"minecraft:string":4,"minecraft:map":1,"minecraft:stone_axe":277,"minecraft:fire_charge":1,"minecraft:cobblestone":383,"minecraft:oak_boat":1,"minecraft:bucket":36,"minecraft:yellow_bed":6,"minecraft:bone_meal":215},"minecraft:killed_by":{"minecraft:creeper":1,"minecraft:iron_golem":2,"minecraft:guardian":1,"minecraft:witch":1,"minecraft:zombie":1},"minecraft:custom":{"minecraft:interact_with_anvil":5,"minecraft:mob_kills":65,"minecraft:open_barrel":9,"minecraft:interact_with_crafting_table":61,"minecraft:leave_game":17,"minecraft:time_since_death":28287,"minecraft:sprint_one_cm":616849,"minecraft:walk_one_cm":770592,"minecraft:drop":240,"minecraft:talked_to_villager":171,"minecraft:play_time":235421,"minecraft:sneak_time":11050,"minecraft:deaths":6,"minecraft:walk_under_water_one_cm":7943,"minecraft:boat_one_cm":425917,"minecraft:jump":4130,"minecraft:interact_with_blast_furnace":1,"minecraft:walk_on_water_one_cm":24868,"minecraft:total_world_time":235421,"minecraft:interact_with_furnace":72,"minecraft:traded_with_villager":487,"minecraft:sleep_in_bed":10,"minecraft:time_since_rest":16809,"minecraft:open_enderchest":1,"minecraft:damage_taken":5940,"minecraft:damage_dealt":15105,"minecraft:swim_one_cm":40155,"minecraft:fly_one_cm":874587,"minecraft:open_chest":212,"minecraft:crouch_one_cm":40778,"minecraft:fall_one_cm":104273,"minecraft:horse_one_cm":846},"minecraft:killed":{"minecraft:spider":11,"minecraft:skeleton":2,"minecraft:zombie_villager":1,"minecraft:pig":1,"minecraft:iron_golem":5,"minecraft:creeper":3,"minecraft:zombie":36,"minecraft:villager":4},"minecraft:mined":{"minecraft:crying_obsidian":4,"minecraft:tuff":2,"minecraft:white_bed":16,"minecraft:farmland":27,"minecraft:mossy_cobblestone":3,"minecraft:obsidian":13,"minecraft:grass_block":376,"minecraft:brown_mushroom_block":30,"minecraft:composter":2,"minecraft:hay_block":5,"minecraft:carrots":52,"minecraft:iron_ore":4,"minecraft:barrel":15,"minecraft:fire":2,"minecraft:cobbled_deepslate":13,"minecraft:anvil":1,"minecraft:enchanting_table":1,"minecraft:bookshelf":4,"minecraft:potatoes":10,"minecraft:dirt_path":30,"minecraft:cobblestone_slab":2,"minecraft:oak_stairs":1,"minecraft:stripped_oak_log":1,"minecraft:stone":212,"minecraft:bone_block":23,"minecraft:tripwire":2,"minecraft:oak_slab":11,"minecraft:glass_pane":3,"minecraft:red_bed":2,"minecraft:smoker":2,"minecraft:dandelion":1,"minecraft:powder_snow":23,"minecraft:crafting_table":4,"minecraft:torch":1,"minecraft:blast_furnace":5,"minecraft:copper_ore":2,"minecraft:chest":1,"minecraft:lectern":1,"minecraft:mushroom_stem":12,"minecraft:tall_grass":18,"minecraft:cobblestone":308,"minecraft:oak_planks":19,"minecraft:sugar_cane":23,"minecraft:diorite":12,"minecraft:wall_torch":4,"minecraft:chain":13,"minecraft:birch_planks":25,"minecraft:birch_log":23,"minecraft:wheat":55,"minecraft:birch_leaves":6,"minecraft:yellow_bed":7,"minecraft:grass":123,"minecraft:coal_ore":46,"minecraft:oak_log":56,"minecraft:beetroots":2,"minecraft:sand":130,"minecraft:acacia_door":1,"minecraft:dirt":304,"minecraft:red_mushroom_block":37,"minecraft:netherrack":6},"minecraft:picked_up":{"minecraft:iron_chestplate":6,"minecraft:crafting_table":8,"minecraft:wheat":16,"minecraft:azure_bluet":3,"minecraft:anvil":1,"minecraft:brown_mushroom":17,"minecraft:wooden_pickaxe":1,"minecraft:oak_stairs":2,"minecraft:gold_block":21,"minecraft:enchanted_book":1,"minecraft:golden_shovel":1,"minecraft:chain":13,"minecraft:golden_sword":1,"minecraft:cornflower":1,"minecraft:raw_copper":5,"minecraft:string":6775,"minecraft:red_bed":2,"minecraft:acacia_door":1,"minecraft:white_carpet":2,"minecraft:iron_shovel":3,"minecraft:activator_rail":2,"minecraft:smooth_stone":3,"minecraft:cobbled_deepslate":8,"minecraft:cobblestone_slab":2,"minecraft:poppy":1,"minecraft:iron_pickaxe":3,"minecraft:lectern":1,"minecraft:sugar_cane":36,"minecraft:chest":9,"minecraft:birch_sapling":2,"minecraft:iron_boots":14,"minecraft:egg":1,"minecraft:stick":36,"minecraft:raw_iron":92,"minecraft:composter":8,"minecraft:birch_trapdoor":3,"minecraft:torch":6,"minecraft:porkchop":1,"minecraft:diorite":39,"minecraft:carrot":171,"minecraft:redstone":4,"minecraft:golden_chestplate":1,"minecraft:stone_sword":1,"minecraft:arrow":3,"minecraft:stone_shovel":2,"minecraft:rotten_flesh":73,"minecraft:diamond_chestplate":2,"minecraft:beetroot_seeds":34,"minecraft:golden_hoe":1,"minecraft:shears":1,"minecraft:hay_block":9,"minecraft:glow_berries":3,"minecraft:obsidian":41,"minecraft:bone_block":23,"minecraft:cobblestone":1188,"minecraft:stripped_oak_log":1,"minecraft:birch_log":26,"minecraft:enchanting_table":1,"minecraft:golden_carrot":3,"minecraft:water_bucket":1,"minecraft:andesite":76,"minecraft:ancient_debris":1,"minecraft:smoker":1,"minecraft:red_mushroom":8,"minecraft:acacia_wood":2,"minecraft:potato":26,"minecraft:filled_map":5,"minecraft:birch_planks":95,"minecraft:flint":9,"minecraft:tuff":20,"minecraft:oak_log":56,"minecraft:golden_boots":1,"minecraft:yellow_bed":6,"minecraft:gunpowder":5,"minecraft:cobblestone_stairs":8,"minecraft:map":5,"minecraft:lapis_lazuli":9,"minecraft:dirt":883,"minecraft:name_tag":3,"minecraft:glass":6,"minecraft:bone":3,"minecraft:apple":3,"minecraft:kelp":1,"minecraft:wheat_seeds":120,"minecraft:iron_ingot":50,"minecraft:stone_pickaxe":23,"minecraft:iron_sword":2,"minecraft:oak_planks":29,"minecraft:book":12,"minecraft:oak_slab":10,"minecraft:cooked_porkchop":1,"minecraft:birch_boat":1,"minecraft:sand":245,"minecraft:dandelion":1,"minecraft:blast_furnace":5,"minecraft:white_bed":15,"minecraft:crying_obsidian":5,"minecraft:spider_eye":4,"minecraft:barrel":25,"minecraft:mossy_cobblestone":7,"minecraft:diamond":5,"minecraft:stone_axe":4,"minecraft:crossbow":2,"minecraft:birch_sign":1,"minecraft:golden_apple":3,"minecraft:emerald":76,"minecraft:golden_horse_armor":1,"minecraft:bread":154,"minecraft:netherrack":15,"minecraft:melon_seeds":9,"minecraft:coal":101,"minecraft:ender_pearl":16,"minecraft:hopper":2,"minecraft:diamond_pickaxe":1},"minecraft:dropped":{"minecraft:bread":2,"minecraft:enchanted_book":1,"minecraft:stone_hoe":1,"minecraft:acacia_wood":2,"minecraft:oak_slab":1,"minecraft:birch_planks":1,"minecraft:wheat_seeds":75,"minecraft:mossy_cobblestone":8,"minecraft:crossbow":2,"minecraft:cookie":24,"minecraft:cobblestone":7,"minecraft:cobblestone_stairs":4,"minecraft:stick":13,"minecraft:gold_block":21,"minecraft:dirt":2,"minecraft:torch":1,"minecraft:diorite":22,"minecraft:cornflower":1,"minecraft:chain":13,"minecraft:oak_stairs":3,"minecraft:acacia_door":1,"minecraft:string":900,"minecraft:tripwire_hook":1,"minecraft:redstone":4,"minecraft:dandelion":8,"minecraft:crimson_fungus":3,"minecraft:stone_axe":1,"minecraft:kelp":1,"minecraft:raw_copper":5,"minecraft:cobbled_deepslate":12,"minecraft:birch_sapling":1,"minecraft:tuff":7,"minecraft:wheat":12,"minecraft:obsidian":5,"minecraft:white_carpet":2,"minecraft:rotten_flesh":99,"minecraft:oak_planks":2,"minecraft:iron_boots":65,"minecraft:azure_bluet":3,"minecraft:white_bed":1,"minecraft:shears":1,"minecraft:carrot":43,"minecraft:filled_map":5,"minecraft:cobblestone_slab":29,"minecraft:iron_chestplate":12,"minecraft:beetroot_seeds":22,"minecraft:melon_seeds":7,"minecraft:birch_sign":1,"minecraft:spider_eye":4,"minecraft:stone_pickaxe":6,"minecraft:crying_obsidian":1,"minecraft:netherrack":14},"minecraft:crafted":{"minecraft:oak_planks":120,"minecraft:cobblestone_slab":264,"minecraft:barrel":3,"minecraft:tripwire_hook":4,"minecraft:birch_boat":3,"minecraft:furnace":4,"minecraft:blast_furnace":1,"minecraft:stone":3,"minecraft:bone_meal":207,"minecraft:lever":1,"minecraft:oak_trapdoor":2,"minecraft:glass":213,"minecraft:hopper":3,"minecraft:iron_boots":67,"minecraft:stone_pickaxe":1,"minecraft:chest":4,"minecraft:stone_hoe":1,"minecraft:birch_sign":3,"minecraft:wheat":72,"minecraft:oak_slab":12,"minecraft:emerald":391,"minecraft:crafting_table":4,"minecraft:wooden_pickaxe":1,"minecraft:bucket":1,"minecraft:birch_planks":104,"minecraft:stone_axe":2,"minecraft:bread":120,"minecraft:air":0,"minecraft:oak_boat":1,"minecraft:white_wool":33,"minecraft:iron_chestplate":6,"minecraft:diamond_pickaxe":1,"minecraft:shield":7,"minecraft:stick":40,"minecraft:iron_ingot":14,"minecraft:iron_pickaxe":1,"minecraft:birch_trapdoor":4,"minecraft:stone_sword":1,"minecraft:iron_shovel":4,"minecraft:white_bed":11,"minecraft:shears":2}},"DataVersion":3337}