{"stats":{"minecraft:broken":{"minecraft:iron_shovel":2,"minecraft:stone_shovel":1},"minecraft:used":{"minecraft:oak_trapdoor":2,"minecraft:enchanting_table":1,"minecraft:stone_sword":40,"minecraft:iron_shovel":523,"minecraft:stone_shovel":123,"minecraft:chest":5,"minecraft:iron_sword":51,"minecraft:stone_hoe":86,"minecraft:rotten_flesh":1,"minecraft:torch":5,"minecraft:dirt":735,"minecraft:carrot":120,"minecraft:golden_shovel":6,"minecraft:tuff":2,"minecraft:birch_sapling":1,"minecraft:barrel":11,"minecraft:tripwire_hook":2,"minecraft:diamond_chestplate":1,"minecraft:birch_trapdoor":4,"minecraft:golden_carrot":7,"minecraft:furnace":1,"minecraft:egg":1,"minecraft:potato":8,"minecraft:wheat_seeds":25,"minecraft:water_bucket":26,"minecraft:birch_planks":32,"minecraft:stone_pickaxe":64,"minecraft:oak_planks":3,"minecraft:wooden_pickaxe":3,"minecraft:birch_boat":3,"minecraft:composter":2,"minecraft:sugar_cane":12,"minecraft:cobblestone_slab":11,"minecraft:white_wool":3,"minecraft:golden_hoe":2,"minecraft:oak_slab":10,"minecraft:crafting_table":8,"minecraft:red_bed":2,"minecraft:birch_sign":1,"minecraft:white_bed":16,"minecraft:shears":1,"minecraft:oak_log":1,"minecraft:lever":1,"minecraft:diamond_pickaxe":144,"minecraft:map":1,"minecraft:bread":33,"minecraft:string":2,"minecraft:iron_pickaxe":286,"minecraft:stone_axe":252,"minecraft:fire_charge":1,"minecraft:cobblestone":319,"minecraft:bucket":27,"minecraft:yellow_bed":6,"minecraft:bone_meal":215},"minecraft:killed_by":{"minecraft:creeper":1,"minecraft:iron_golem":1,"minecraft:guardian":1,"minecraft:witch":1,"minecraft:zombie":1},"minecraft:custom":{"minecraft:interact_with_anvil":1,"minecraft:mob_kills":27,"minecraft:interact_with_crafting_table":37,"minecraft:leave_game":13,"minecraft:time_since_death":92097,"minecraft:sprint_one_cm":394266,"minecraft:walk_one_cm":507315,"minecraft:drop":85,"minecraft:talked_to_villager":48,"minecraft:play_time":150757,"minecraft:sneak_time":6788,"minecraft:deaths":5,"minecraft:walk_under_water_one_cm":5896,"minecraft:boat_one_cm":424607,"minecraft:jump":2489,"minecraft:walk_on_water_one_cm":11401,"minecraft:total_world_time":150757,"minecraft:interact_with_furnace":20,"minecraft:traded_with_villager":139,"minecraft:sleep_in_bed":7,"minecraft:time_since_rest":12955,"minecraft:damage_taken":3460,"minecraft:damage_dealt":5991,"minecraft:swim_one_cm":32896,"minecraft:fly_one_cm":484778,"minecraft:open_chest":105,"minecraft:crouch_one_cm":28582,"minecraft:fall_one_cm":62963,"minecraft:horse_one_cm":846},"minecraft:killed":{"minecraft:spider":4,"minecraft:pig":1,"minecraft:creeper":2,"minecraft:zombie":16,"minecraft:villager":2},"minecraft:mined":{"minecraft:tuff":2,"minecraft:white_bed":13,"minecraft:farmland":27,"minecraft:obsidian":6,"minecraft:grass_block":355,"minecraft:brown_mushroom_block":30,"minecraft:composter":2,"minecraft:hay_block":5,"minecraft:carrots":52,"minecraft:iron_ore":4,"minecraft:barrel":8,"minecraft:enchanting_table":1,"minecraft:cobblestone_slab":2,"minecraft:bookshelf":4,"minecraft:potatoes":10,"minecraft:dirt_path":20,"minecraft:oak_stairs":1,"minecraft:stripped_oak_log":1,"minecraft:stone":143,"minecraft:bone_block":23,"minecraft:oak_slab":4,"minecraft:glass_pane":3,"minecraft:red_bed":2,"minecraft:smoker":1,"minecraft:dandelion":1,"minecraft:powder_snow":23,"minecraft:crafting_table":4,"minecraft:chest":1,"minecraft:lectern":1,"minecraft:mushroom_stem":12,"minecraft:tall_grass":15,"minecraft:cobblestone":262,"minecraft:sugar_cane":5,"minecraft:oak_planks":15,"minecraft:wall_torch":4,"minecraft:birch_planks":25,"minecraft:birch_log":23,"minecraft:wheat":55,"minecraft:birch_leaves":6,"minecraft:yellow_bed":7,"minecraft:grass":115,"minecraft:oak_log":50,"minecraft:coal_ore":22,"minecraft:beetroots":2,"minecraft:acacia_door":1,"minecraft:dirt":282,"minecraft:red_mushroom_block":37,"minecraft:netherrack":6},"minecraft:picked_up":{"minecraft:crafting_table":8,"minecraft:wheat":16,"minecraft:azure_bluet":3,"minecraft:brown_mushroom":17,"minecraft:wooden_pickaxe":1,"minecraft:oak_stairs":2,"minecraft:golden_shovel":1,"minecraft:golden_sword":1,"minecraft:string":3128,"minecraft:red_bed":2,"minecraft:acacia_door":1,"minecraft:white_carpet":2,"minecraft:iron_shovel":1,"minecraft:activator_rail":2,"minecraft:cobblestone_slab":2,"minecraft:iron_pickaxe":3,"minecraft:lectern":1,"minecraft:sugar_cane":17,"minecraft:chest":2,"minecraft:birch_sapling":2,"minecraft:egg":1,"minecraft:stick":30,"minecraft:raw_iron":4,"minecraft:composter":8,"minecraft:birch_trapdoor":3,"minecraft:torch":5,"minecraft:porkchop":1,"minecraft:carrot":165,"minecraft:redstone":2,"minecraft:golden_chestplate":1,"minecraft:stone_sword":1,"minecraft:diamond_chestplate":1,"minecraft:arrow":2,"minecraft:rotten_flesh":43,"minecraft:stone_shovel":2,"minecraft:beetroot_seeds":30,"minecraft:golden_hoe":1,"minecraft:shears":1,"minecraft:hay_block":9,"minecraft:glow_berries":3,"minecraft:obsidian":13,"minecraft:bone_block":23,"minecraft:cobblestone":1004,"minecraft:stripped_oak_log":1,"minecraft:birch_log":26,"minecraft:enchanting_table":1,"minecraft:golden_carrot":3,"minecraft:andesite":76,"minecraft:smoker":1,"minecraft:red_mushroom":8,"minecraft:acacia_wood":2,"minecraft:potato":26,"minecraft:filled_map":4,"minecraft:birch_planks":95,"minecraft:flint":9,"minecraft:cobblestone_stairs":8,"minecraft:tuff":18,"minecraft:oak_log":50,"minecraft:yellow_bed":6,"minecraft:gunpowder":5,"minecraft:lapis_lazuli":9,"minecraft:map":5,"minecraft:dirt":824,"minecraft:apple":3,"minecraft:kelp":1,"minecraft:wheat_seeds":114,"minecraft:stone_pickaxe":23,"minecraft:iron_ingot":24,"minecraft:iron_sword":1,"minecraft:oak_planks":27,"minecraft:book":12,"minecraft:oak_slab":5,"minecraft:birch_boat":1,"minecraft:dandelion":1,"minecraft:white_bed":13,"minecraft:crying_obsidian":4,"minecraft:spider_eye":4,"minecraft:barrel":8,"minecraft:mossy_cobblestone":3,"minecraft:diamond":5,"minecraft:stone_axe":3,"minecraft:birch_sign":1,"minecraft:emerald":48,"minecraft:golden_horse_armor":1,"minecraft:bread":44,"minecraft:netherrack":15,"minecraft:melon_seeds":7,"minecraft:coal":22},"minecraft:dropped":{"minecraft:stone_hoe":1,"minecraft:birch_planks":1,"minecraft:acacia_wood":2,"minecraft:oak_slab":1,"minecraft:wheat_seeds":65,"minecraft:mossy_cobblestone":4,"minecraft:cobblestone":6,"minecraft:stick":4,"minecraft:cobblestone_stairs":4,"minecraft:dirt":1,"minecraft:oak_stairs":3,"minecraft:acacia_door":1,"minecraft:string":768,"minecraft:dandelion":8,"minecraft:stone_axe":1,"minecraft:birch_sapling":1,"minecraft:tuff":4,"minecraft:wheat":11,"minecraft:obsidian":5,"minecraft:white_carpet":2,"minecraft:rotten_flesh":20,"minecraft:oak_planks":1,"minecraft:azure_bluet":3,"minecraft:white_bed":1,"minecraft:shears":1,"minecraft:carrot":40,"minecraft:filled_map":5,"minecraft:beetroot_seeds":18,"minecraft:melon_seeds":4,"minecraft:spider_eye":4,"minecraft:stone_pickaxe":5,"minecraft:netherrack":14},"minecraft:crafted":{"minecraft:oak_planks":48,"minecraft:cobblestone_slab":12,"minecraft:barrel":3,"minecraft:tripwire_hook":2,"minecraft:birch_boat":3,"minecraft:furnace":1,"minecraft:stone":3,"minecraft:lever":1,"minecraft:bone_meal":207,"minecraft:oak_trapdoor":2,"minecraft:stone_pickaxe":1,"minecraft:chest":2,"minecraft:stone_hoe":1,"minecraft:birch_sign":3,"minecraft:wheat":72,"minecraft:oak_slab":12,"minecraft:emerald":123,"minecraft:crafting_table":4,"minecraft:wooden_pickaxe":1,"minecraft:birch_planks":104,"minecraft:bucket":1,"minecraft:stone_axe":2,"minecraft:bread":120,"minecraft:air":0,"minecraft:white_wool":33,"minecraft:diamond_pickaxe":1,"minecraft:stick":36,"minecraft:iron_ingot":14,"minecraft:iron_pickaxe":1,"minecraft:birch_trapdoor":4,"minecraft:stone_sword":1,"minecraft:iron_shovel":2,"minecraft:white_bed":4,"minecraft:shears":1}},"DataVersion":3337}