{"stats":{"minecraft:broken":{"minecraft:iron_shovel":2,"minecraft:stone_shovel":1},"minecraft:used":{"minecraft:oak_trapdoor":2,"minecraft:stone_sword":40,"minecraft:iron_shovel":523,"minecraft:stone_shovel":123,"minecraft:chest":5,"minecraft:iron_sword":37,"minecraft:stone_hoe":80,"minecraft:rotten_flesh":1,"minecraft:torch":4,"minecraft:dirt":611,"minecraft:carrot":32,"minecraft:golden_shovel":6,"minecraft:birch_sapling":1,"minecraft:barrel":7,"minecraft:diamond_chestplate":1,"minecraft:tripwire_hook":2,"minecraft:birch_trapdoor":4,"minecraft:golden_carrot":7,"minecraft:furnace":1,"minecraft:potato":8,"minecraft:wheat_seeds":25,"minecraft:water_bucket":10,"minecraft:birch_planks":32,"minecraft:stone_pickaxe":64,"minecraft:oak_planks":1,"minecraft:wooden_pickaxe":3,"minecraft:birch_boat":3,"minecraft:composter":2,"minecraft:golden_hoe":2,"minecraft:oak_slab":9,"minecraft:crafting_table":8,"minecraft:red_bed":2,"minecraft:birch_sign":1,"minecraft:white_bed":8,"minecraft:shears":1,"minecraft:lever":1,"minecraft:diamond_pickaxe":77,"minecraft:bread":27,"minecraft:string":2,"minecraft:iron_pickaxe":286,"minecraft:stone_axe":236,"minecraft:fire_charge":1,"minecraft:cobblestone":268,"minecraft:bucket":10,"minecraft:yellow_bed":6},"minecraft:killed_by":{"minecraft:creeper":1,"minecraft:iron_golem":1,"minecraft:guardian":1,"minecraft:witch":1,"minecraft:zombie":1},"minecraft:custom":{"minecraft:mob_kills":25,"minecraft:interact_with_crafting_table":31,"minecraft:leave_game":9,"minecraft:time_since_death":58700,"minecraft:sprint_one_cm":303156,"minecraft:walk_one_cm":374766,"minecraft:drop":61,"minecraft:talked_to_villager":30,"minecraft:play_time":117360,"minecraft:sneak_time":5668,"minecraft:deaths":5,"minecraft:walk_under_water_one_cm":4540,"minecraft:boat_one_cm":424607,"minecraft:jump":1958,"minecraft:walk_on_water_one_cm":9205,"minecraft:total_world_time":117360,"minecraft:interact_with_furnace":8,"minecraft:traded_with_villager":80,"minecraft:sleep_in_bed":3,"minecraft:time_since_rest":41882,"minecraft:damage_taken":3366,"minecraft:damage_dealt":5661,"minecraft:swim_one_cm":32896,"minecraft:fly_one_cm":365297,"minecraft:open_chest":67,"minecraft:crouch_one_cm":23601,"minecraft:fall_one_cm":46309},"minecraft:killed":{"minecraft:spider":3,"minecraft:pig":1,"minecraft:creeper":2,"minecraft:zombie":16,"minecraft:villager":1},"minecraft:mined":{"minecraft:white_bed":7,"minecraft:farmland":27,"minecraft:obsidian":5,"minecraft:grass_block":352,"minecraft:brown_mushroom_block":30,"minecraft:composter":2,"minecraft:hay_block":5,"minecraft:carrots":18,"minecraft:iron_ore":4,"minecraft:barrel":4,"minecraft:bookshelf":4,"minecraft:potatoes":10,"minecraft:dirt_path":20,"minecraft:oak_stairs":1,"minecraft:stripped_oak_log":1,"minecraft:stone":137,"minecraft:oak_slab":4,"minecraft:glass_pane":3,"minecraft:red_bed":2,"minecraft:powder_snow":23,"minecraft:crafting_table":4,"minecraft:chest":1,"minecraft:lectern":1,"minecraft:mushroom_stem":12,"minecraft:tall_grass":14,"minecraft:cobblestone":233,"minecraft:sugar_cane":5,"minecraft:oak_planks":15,"minecraft:wall_torch":4,"minecraft:birch_planks":25,"minecraft:birch_log":23,"minecraft:wheat":43,"minecraft:birch_leaves":6,"minecraft:yellow_bed":5,"minecraft:grass":98,"minecraft:oak_log":37,"minecraft:coal_ore":22,"minecraft:beetroots":2,"minecraft:acacia_door":1,"minecraft:dirt":278,"minecraft:red_mushroom_block":37,"minecraft:netherrack":6},"minecraft:dropped":{"minecraft:oak_slab":1,"minecraft:acacia_wood":2,"minecraft:wheat_seeds":36,"minecraft:cobblestone":6,"minecraft:stick":4,"minecraft:dirt":1,"minecraft:oak_stairs":3,"minecraft:acacia_door":1,"minecraft:string":768,"minecraft:stone_axe":1,"minecraft:birch_sapling":1,"minecraft:obsidian":5,"minecraft:white_carpet":2,"minecraft:rotten_flesh":20,"minecraft:white_bed":1,"minecraft:shears":1,"minecraft:beetroot_seeds":18,"minecraft:melon_seeds":2,"minecraft:spider_eye":4,"minecraft:stone_pickaxe":5,"minecraft:netherrack":13},"minecraft:picked_up":{"minecraft:crafting_table":8,"minecraft:wheat":5,"minecraft:brown_mushroom":17,"minecraft:wooden_pickaxe":1,"minecraft:oak_stairs":2,"minecraft:golden_shovel":1,"minecraft:golden_sword":1,"minecraft:string":2956,"minecraft:red_bed":2,"minecraft:acacia_door":1,"minecraft:white_carpet":2,"minecraft:iron_shovel":1,"minecraft:activator_rail":2,"minecraft:iron_pickaxe":3,"minecraft:lectern":1,"minecraft:sugar_cane":17,"minecraft:chest":2,"minecraft:birch_sapling":2,"minecraft:stick":30,"minecraft:raw_iron":4,"minecraft:composter":8,"minecraft:birch_trapdoor":3,"minecraft:torch":4,"minecraft:porkchop":1,"minecraft:carrot":37,"minecraft:redstone":2,"minecraft:golden_chestplate":1,"minecraft:diamond_chestplate":1,"minecraft:stone_sword":1,"minecraft:arrow":2,"minecraft:rotten_flesh":43,"minecraft:stone_shovel":2,"minecraft:beetroot_seeds":30,"minecraft:golden_hoe":1,"minecraft:shears":1,"minecraft:hay_block":9,"minecraft:glow_berries":3,"minecraft:obsidian":13,"minecraft:cobblestone":969,"minecraft:stripped_oak_log":1,"minecraft:birch_log":26,"minecraft:golden_carrot":3,"minecraft:andesite":38,"minecraft:red_mushroom":8,"minecraft:acacia_wood":2,"minecraft:potato":26,"minecraft:birch_planks":95,"minecraft:flint":9,"minecraft:tuff":12,"minecraft:oak_log":37,"minecraft:yellow_bed":5,"minecraft:gunpowder":5,"minecraft:lapis_lazuli":9,"minecraft:map":4,"minecraft:dirt":817,"minecraft:apple":3,"minecraft:kelp":1,"minecraft:wheat_seeds":85,"minecraft:stone_pickaxe":22,"minecraft:iron_ingot":24,"minecraft:iron_sword":1,"minecraft:oak_planks":27,"minecraft:book":12,"minecraft:oak_slab":5,"minecraft:birch_boat":1,"minecraft:white_bed":8,"minecraft:barrel":4,"minecraft:spider_eye":4,"minecraft:stone_axe":3,"minecraft:birch_sign":1,"minecraft:emerald":48,"minecraft:golden_horse_armor":1,"minecraft:bread":44,"minecraft:melon_seeds":6,"minecraft:netherrack":14,"minecraft:coal":22},"minecraft:crafted":{"minecraft:oak_planks":48,"minecraft:barrel":3,"minecraft:tripwire_hook":2,"minecraft:birch_boat":3,"minecraft:furnace":1,"minecraft:lever":1,"minecraft:oak_trapdoor":2,"minecraft:stone_pickaxe":1,"minecraft:chest":2,"minecraft:stone_hoe":1,"minecraft:birch_sign":3,"minecraft:wheat":72,"minecraft:oak_slab":12,"minecraft:emerald":64,"minecraft:crafting_table":4,"minecraft:wooden_pickaxe":1,"minecraft:birch_planks":104,"minecraft:bucket":1,"minecraft:stone_axe":2,"minecraft:bread":120,"minecraft:air":0,"minecraft:diamond_pickaxe":1,"minecraft:stick":36,"minecraft:iron_ingot":14,"minecraft:iron_pickaxe":1,"minecraft:birch_trapdoor":4,"minecraft:stone_sword":1,"minecraft:iron_shovel":2,"minecraft:white_bed":1,"minecraft:shears":1}},"DataVersion":3337}