{"stats":{"minecraft:used":{"minecraft:wheat_seeds":25,"minecraft:water_bucket":7,"minecraft:stone_sword":40,"minecraft:iron_shovel":233,"minecraft:birch_planks":32,"minecraft:stone_shovel":123,"minecraft:stone_pickaxe":64,"minecraft:oak_planks":1,"minecraft:chest":3,"minecraft:wooden_pickaxe":3,"minecraft:birch_boat":3,"minecraft:composter":2,"minecraft:stone_hoe":80,"minecraft:rotten_flesh":1,"minecraft:dirt":413,"minecraft:crafting_table":8,"minecraft:red_bed":2,"minecraft:carrot":16,"minecraft:white_bed":7,"minecraft:golden_shovel":6,"minecraft:bread":13,"minecraft:birch_sapling":1,"minecraft:iron_pickaxe":194,"minecraft:fire_charge":1,"minecraft:stone_axe":184,"minecraft:birch_trapdoor":4,"minecraft:cobblestone":206,"minecraft:golden_carrot":6,"minecraft:furnace":1,"minecraft:bucket":8,"minecraft:yellow_bed":6,"minecraft:potato":8},"minecraft:killed":{"minecraft:pig":1,"minecraft:spider":1,"minecraft:creeper":2,"minecraft:zombie":4,"minecraft:villager":1},"minecraft:killed_by":{"minecraft:creeper":1,"minecraft:guardian":1,"minecraft:witch":1,"minecraft:zombie":1,"minecraft:iron_golem":1},"minecraft:picked_up":{"minecraft:stripped_oak_log":1,"minecraft:birch_log":26,"minecraft:crafting_table":8,"minecraft:wheat":5,"minecraft:brown_mushroom":17,"minecraft:wooden_pickaxe":1,"minecraft:red_mushroom":8,"minecraft:acacia_wood":2,"minecraft:potato":25,"minecraft:birch_planks":94,"minecraft:golden_shovel":1,"minecraft:flint":9,"minecraft:oak_log":30,"minecraft:yellow_bed":5,"minecraft:gunpowder":5,"minecraft:map":4,"minecraft:dirt":508,"minecraft:red_bed":2,"minecraft:acacia_door":1,"minecraft:white_carpet":2,"minecraft:iron_shovel":1,"minecraft:kelp":1,"minecraft:wheat_seeds":50,"minecraft:iron_ingot":14,"minecraft:stone_pickaxe":19,"minecraft:iron_pickaxe":3,"minecraft:lectern":1,"minecraft:sugar_cane":5,"minecraft:birch_sapling":2,"minecraft:oak_planks":19,"minecraft:book":12,"minecraft:stick":30,"minecraft:raw_iron":4,"minecraft:birch_boat":1,"minecraft:composter":8,"minecraft:birch_trapdoor":3,"minecraft:porkchop":1,"minecraft:white_bed":7,"minecraft:carrot":26,"minecraft:stone_sword":1,"minecraft:rotten_flesh":23,"minecraft:stone_shovel":2,"minecraft:stone_axe":3,"minecraft:beetroot_seeds":6,"minecraft:hay_block":9,"minecraft:bread":44,"minecraft:netherrack":12,"minecraft:melon_seeds":5,"minecraft:obsidian":6,"minecraft:coal":22,"minecraft:cobblestone":755},"minecraft:custom":{"minecraft:interact_with_furnace":8,"minecraft:mob_kills":9,"minecraft:interact_with_crafting_table":22,"minecraft:leave_game":3,"minecraft:time_since_death":19235,"minecraft:sleep_in_bed":3,"minecraft:time_since_rest":2417,"minecraft:sprint_one_cm":203435,"minecraft:damage_taken":2760,"minecraft:walk_one_cm":233430,"minecraft:drop":24,"minecraft:damage_dealt":2585,"minecraft:swim_one_cm":30220,"minecraft:talked_to_villager":18,"minecraft:fly_one_cm":220526,"minecraft:play_time":77895,"minecraft:open_chest":37,"minecraft:crouch_one_cm":16180,"minecraft:sneak_time":3310,"minecraft:deaths":5,"minecraft:walk_under_water_one_cm":4306,"minecraft:boat_one_cm":424607,"minecraft:jump":1336,"minecraft:walk_on_water_one_cm":3237,"minecraft:total_world_time":77895,"minecraft:fall_one_cm":32825},"minecraft:broken":{"minecraft:stone_shovel":1},"minecraft:dropped":{"minecraft:stone_axe":1,"minecraft:acacia_wood":2,"minecraft:wheat_seeds":9,"minecraft:birch_sapling":1,"minecraft:white_carpet":2,"minecraft:rotten_flesh":4,"minecraft:white_bed":1,"minecraft:dirt":1,"minecraft:beetroot_seeds":6,"minecraft:melon_seeds":1,"minecraft:stone_pickaxe":2,"minecraft:acacia_door":1,"minecraft:netherrack":12},"minecraft:mined":{"minecraft:white_bed":6,"minecraft:farmland":27,"minecraft:red_bed":2,"minecraft:powder_snow":23,"minecraft:crafting_table":4,"minecraft:grass_block":178,"minecraft:tall_grass":7,"minecraft:lectern":1,"minecraft:mushroom_stem":12,"minecraft:brown_mushroom_block":30,"minecraft:cobblestone":135,"minecraft:composter":2,"minecraft:sugar_cane":1,"minecraft:oak_planks":7,"minecraft:hay_block":5,"minecraft:birch_planks":25,"minecraft:carrots":15,"minecraft:birch_log":23,"minecraft:iron_ore":4,"minecraft:wheat":43,"minecraft:birch_leaves":6,"minecraft:yellow_bed":5,"minecraft:grass":60,"minecraft:bookshelf":4,"minecraft:potatoes":9,"minecraft:oak_log":30,"minecraft:coal_ore":22,"minecraft:beetroots":2,"minecraft:dirt_path":9,"minecraft:acacia_door":1,"minecraft:dirt":162,"minecraft:stripped_oak_log":1,"minecraft:red_mushroom_block":37,"minecraft:stone":78,"minecraft:netherrack":4},"minecraft:crafted":{"minecraft:oak_planks":16,"minecraft:crafting_table":4,"minecraft:birch_boat":3,"minecraft:wooden_pickaxe":1,"minecraft:furnace":1,"minecraft:bucket":1,"minecraft:birch_planks":104,"minecraft:stone_axe":2,"minecraft:bread":24,"minecraft:air":0,"minecraft:stick":28,"minecraft:iron_pickaxe":1,"minecraft:chest":2,"minecraft:iron_ingot":14,"minecraft:stone_pickaxe":1,"minecraft:birch_trapdoor":4,"minecraft:stone_sword":1,"minecraft:iron_shovel":2,"minecraft:white_bed":1,"minecraft:stone_hoe":1,"minecraft:wheat":72}},"DataVersion":3337}