{"stats":{"minecraft:used":{"minecraft:wheat_seeds":25,"minecraft:stone_sword":32,"minecraft:iron_shovel":181,"minecraft:birch_planks":32,"minecraft:stone_pickaxe":64,"minecraft:oak_planks":1,"minecraft:wooden_pickaxe":3,"minecraft:chest":1,"minecraft:birch_boat":3,"minecraft:rotten_flesh":1,"minecraft:dirt":223,"minecraft:crafting_table":7,"minecraft:red_bed":2,"minecraft:carrot":9,"minecraft:white_bed":3,"minecraft:golden_shovel":6,"minecraft:bread":7,"minecraft:birch_sapling":1,"minecraft:iron_pickaxe":53,"minecraft:fire_charge":1,"minecraft:stone_axe":122,"minecraft:golden_carrot":6,"minecraft:cobblestone":51,"minecraft:furnace":1,"minecraft:yellow_bed":5},"minecraft:killed":{"minecraft:pig":1,"minecraft:spider":1,"minecraft:creeper":1,"minecraft:zombie":2},"minecraft:killed_by":{"minecraft:guardian":1,"minecraft:iron_golem":1},"minecraft:picked_up":{"minecraft:birch_log":26,"minecraft:crafting_table":8,"minecraft:wheat":2,"minecraft:brown_mushroom":17,"minecraft:wooden_pickaxe":1,"minecraft:red_mushroom":8,"minecraft:acacia_wood":2,"minecraft:potato":8,"minecraft:birch_planks":61,"minecraft:golden_shovel":1,"minecraft:oak_log":2,"minecraft:yellow_bed":4,"minecraft:gunpowder":1,"minecraft:map":1,"minecraft:dirt":276,"minecraft:red_bed":2,"minecraft:acacia_door":1,"minecraft:white_carpet":2,"minecraft:kelp":1,"minecraft:wheat_seeds":31,"minecraft:stone_pickaxe":8,"minecraft:lectern":1,"minecraft:sugar_cane":3,"minecraft:birch_sapling":2,"minecraft:oak_planks":13,"minecraft:book":12,"minecraft:stick":14,"minecraft:raw_iron":4,"minecraft:birch_boat":1,"minecraft:composter":2,"minecraft:porkchop":1,"minecraft:white_bed":4,"minecraft:carrot":14,"minecraft:stone_shovel":1,"minecraft:rotten_flesh":7,"minecraft:beetroot_seeds":6,"minecraft:hay_block":9,"minecraft:melon_seeds":1,"minecraft:coal":22,"minecraft:cobblestone":258},"minecraft:custom":{"minecraft:interact_with_furnace":1,"minecraft:mob_kills":4,"minecraft:interact_with_crafting_table":13,"minecraft:leave_game":2,"minecraft:time_since_death":23313,"minecraft:sleep_in_bed":2,"minecraft:time_since_rest":16894,"minecraft:sprint_one_cm":129912,"minecraft:damage_taken":1652,"minecraft:walk_one_cm":111524,"minecraft:drop":14,"minecraft:damage_dealt":1590,"minecraft:swim_one_cm":30220,"minecraft:talked_to_villager":3,"minecraft:fly_one_cm":159623,"minecraft:open_chest":24,"minecraft:play_time":53961,"minecraft:crouch_one_cm":11069,"minecraft:sneak_time":2444,"minecraft:deaths":2,"minecraft:walk_under_water_one_cm":2702,"minecraft:boat_one_cm":424607,"minecraft:jump":952,"minecraft:walk_on_water_one_cm":2864,"minecraft:total_world_time":53961,"minecraft:fall_one_cm":24826},"minecraft:dropped":{"minecraft:acacia_wood":2,"minecraft:wheat_seeds":6,"minecraft:birch_sapling":1,"minecraft:white_carpet":2,"minecraft:white_bed":1,"minecraft:beetroot_seeds":6,"minecraft:acacia_door":1},"minecraft:crafted":{"minecraft:crafting_table":3,"minecraft:birch_boat":3,"minecraft:wooden_pickaxe":1,"minecraft:furnace":1,"minecraft:birch_planks":104,"minecraft:stone_axe":1,"minecraft:bread":24,"minecraft:stick":20,"minecraft:stone_pickaxe":1,"minecraft:birch_trapdoor":4,"minecraft:stone_sword":1,"minecraft:iron_shovel":1,"minecraft:white_bed":1,"minecraft:wheat":72},"minecraft:mined":{"minecraft:white_bed":3,"minecraft:red_bed":2,"minecraft:powder_snow":23,"minecraft:crafting_table":4,"minecraft:grass_block":79,"minecraft:lectern":1,"minecraft:mushroom_stem":12,"minecraft:brown_mushroom_block":30,"minecraft:cobblestone":20,"minecraft:composter":2,"minecraft:sugar_cane":1,"minecraft:oak_planks":7,"minecraft:hay_block":5,"minecraft:birch_planks":7,"minecraft:carrots":13,"minecraft:birch_log":23,"minecraft:iron_ore":4,"minecraft:wheat":30,"minecraft:birch_leaves":6,"minecraft:yellow_bed":4,"minecraft:grass":32,"minecraft:bookshelf":4,"minecraft:oak_log":2,"minecraft:potatoes":8,"minecraft:coal_ore":22,"minecraft:beetroots":2,"minecraft:dirt_path":7,"minecraft:acacia_door":1,"minecraft:dirt":112,"minecraft:red_mushroom_block":37,"minecraft:stone":61}},"DataVersion":3337}