{"stats":{"minecraft:used":{"minecraft:wheat_seeds":25,"minecraft:water_bucket":4,"minecraft:stone_sword":40,"minecraft:iron_shovel":204,"minecraft:birch_planks":32,"minecraft:stone_shovel":15,"minecraft:stone_pickaxe":64,"minecraft:oak_planks":1,"minecraft:chest":3,"minecraft:wooden_pickaxe":3,"minecraft:birch_boat":3,"minecraft:composter":2,"minecraft:rotten_flesh":1,"minecraft:dirt":336,"minecraft:crafting_table":8,"minecraft:red_bed":2,"minecraft:carrot":9,"minecraft:white_bed":4,"minecraft:golden_shovel":6,"minecraft:bread":13,"minecraft:birch_sapling":1,"minecraft:iron_pickaxe":69,"minecraft:fire_charge":1,"minecraft:stone_axe":155,"minecraft:birch_trapdoor":4,"minecraft:cobblestone":69,"minecraft:golden_carrot":6,"minecraft:furnace":1,"minecraft:bucket":4,"minecraft:yellow_bed":5,"minecraft:potato":8},"minecraft:killed":{"minecraft:pig":1,"minecraft:spider":1,"minecraft:creeper":2,"minecraft:zombie":4,"minecraft:villager":1},"minecraft:killed_by":{"minecraft:creeper":1,"minecraft:guardian":1,"minecraft:witch":1,"minecraft:zombie":1,"minecraft:iron_golem":1},"minecraft:picked_up":{"minecraft:birch_log":26,"minecraft:crafting_table":8,"minecraft:wheat":4,"minecraft:brown_mushroom":17,"minecraft:wooden_pickaxe":1,"minecraft:red_mushroom":8,"minecraft:acacia_wood":2,"minecraft:potato":24,"minecraft:birch_planks":94,"minecraft:golden_shovel":1,"minecraft:flint":9,"minecraft:oak_log":3,"minecraft:yellow_bed":4,"minecraft:gunpowder":5,"minecraft:map":4,"minecraft:dirt":380,"minecraft:red_bed":2,"minecraft:acacia_door":1,"minecraft:white_carpet":2,"minecraft:iron_shovel":1,"minecraft:kelp":1,"minecraft:wheat_seeds":31,"minecraft:iron_ingot":14,"minecraft:stone_pickaxe":19,"minecraft:iron_pickaxe":3,"minecraft:lectern":1,"minecraft:sugar_cane":5,"minecraft:birch_sapling":2,"minecraft:oak_planks":19,"minecraft:book":12,"minecraft:stick":30,"minecraft:raw_iron":4,"minecraft:birch_boat":1,"minecraft:composter":8,"minecraft:birch_trapdoor":3,"minecraft:porkchop":1,"minecraft:white_bed":5,"minecraft:carrot":26,"minecraft:stone_sword":1,"minecraft:rotten_flesh":15,"minecraft:stone_shovel":2,"minecraft:stone_axe":3,"minecraft:beetroot_seeds":6,"minecraft:hay_block":9,"minecraft:bread":44,"minecraft:melon_seeds":5,"minecraft:obsidian":6,"minecraft:coal":22,"minecraft:cobblestone":644},"minecraft:custom":{"minecraft:interact_with_furnace":4,"minecraft:mob_kills":9,"minecraft:interact_with_crafting_table":18,"minecraft:leave_game":3,"minecraft:time_since_death":7235,"minecraft:sleep_in_bed":2,"minecraft:time_since_rest":7262,"minecraft:sprint_one_cm":176352,"minecraft:damage_taken":2750,"minecraft:walk_one_cm":164522,"minecraft:drop":19,"minecraft:damage_dealt":2576,"minecraft:swim_one_cm":30220,"minecraft:talked_to_villager":15,"minecraft:fly_one_cm":194957,"minecraft:play_time":65895,"minecraft:open_chest":34,"minecraft:crouch_one_cm":12353,"minecraft:sneak_time":2713,"minecraft:deaths":5,"minecraft:walk_under_water_one_cm":3250,"minecraft:boat_one_cm":424607,"minecraft:jump":1202,"minecraft:walk_on_water_one_cm":2976,"minecraft:total_world_time":65895,"minecraft:fall_one_cm":29750},"minecraft:dropped":{"minecraft:stone_axe":1,"minecraft:acacia_wood":2,"minecraft:wheat_seeds":6,"minecraft:birch_sapling":1,"minecraft:white_carpet":2,"minecraft:white_bed":1,"minecraft:dirt":1,"minecraft:beetroot_seeds":6,"minecraft:melon_seeds":1,"minecraft:stone_pickaxe":2,"minecraft:acacia_door":1},"minecraft:crafted":{"minecraft:crafting_table":4,"minecraft:birch_boat":3,"minecraft:wooden_pickaxe":1,"minecraft:furnace":1,"minecraft:bucket":1,"minecraft:birch_planks":104,"minecraft:stone_axe":2,"minecraft:bread":24,"minecraft:air":0,"minecraft:stick":20,"minecraft:chest":2,"minecraft:iron_ingot":4,"minecraft:stone_pickaxe":1,"minecraft:birch_trapdoor":4,"minecraft:stone_sword":1,"minecraft:iron_shovel":1,"minecraft:white_bed":1,"minecraft:wheat":72},"minecraft:mined":{"minecraft:white_bed":4,"minecraft:red_bed":2,"minecraft:powder_snow":23,"minecraft:crafting_table":4,"minecraft:grass_block":85,"minecraft:lectern":1,"minecraft:mushroom_stem":12,"minecraft:brown_mushroom_block":30,"minecraft:cobblestone":36,"minecraft:composter":2,"minecraft:sugar_cane":1,"minecraft:oak_planks":7,"minecraft:hay_block":5,"minecraft:birch_planks":25,"minecraft:carrots":15,"minecraft:birch_log":23,"minecraft:iron_ore":4,"minecraft:wheat":30,"minecraft:birch_leaves":6,"minecraft:yellow_bed":4,"minecraft:grass":34,"minecraft:bookshelf":4,"minecraft:potatoes":8,"minecraft:oak_log":3,"minecraft:coal_ore":22,"minecraft:beetroots":2,"minecraft:dirt_path":7,"minecraft:acacia_door":1,"minecraft:dirt":157,"minecraft:red_mushroom_block":37,"minecraft:stone":61}},"DataVersion":3337}