{"stats":{"minecraft:broken":{"minecraft:stone_pickaxe":1},"minecraft:used":{"minecraft:stone_sword":42,"minecraft:stone_pickaxe":131,"minecraft:shield":4,"minecraft:wooden_pickaxe":17,"minecraft:cooked_chicken":3,"minecraft:torch":6,"minecraft:dirt":10,"minecraft:crafting_table":4,"minecraft:birch_sapling":3,"minecraft:iron_pickaxe":179,"minecraft:stone_axe":13,"minecraft:wooden_sword":11,"minecraft:cobblestone":1,"minecraft:furnace":6,"minecraft:cooked_porkchop":2,"minecraft:egg":2},"minecraft:killed_by":{"minecraft:creeper":1},"minecraft:custom":{"minecraft:interact_with_furnace":48,"minecraft:mob_kills":17,"minecraft:interact_with_crafting_table":13,"minecraft:leave_game":1,"minecraft:time_since_death":28082,"minecraft:climb_one_cm":412,"minecraft:time_since_rest":30092,"minecraft:sprint_one_cm":56398,"minecraft:damage_taken":613,"minecraft:walk_one_cm":43027,"minecraft:damage_blocked_by_shield":390,"minecraft:drop":9,"minecraft:damage_dealt":2725,"minecraft:swim_one_cm":7929,"minecraft:fly_one_cm":366838,"minecraft:open_chest":5,"minecraft:crouch_one_cm":2852,"minecraft:play_time":32411,"minecraft:deaths":1,"minecraft:sneak_time":1218,"minecraft:walk_under_water_one_cm":5368,"minecraft:jump":369,"minecraft:walk_on_water_one_cm":1806,"minecraft:total_world_time":32411,"minecraft:fall_one_cm":12803},"minecraft:killed":{"minecraft:pig":1,"minecraft:sheep":1,"minecraft:zombie":9,"minecraft:chicken":5,"minecraft:enderman":2},"minecraft:mined":{"minecraft:crafting_table":4,"minecraft:granite":1,"minecraft:grass_block":6,"minecraft:cobblestone":2,"minecraft:deepslate_gold_ore":1,"minecraft:furnace":6,"minecraft:birch_log":10,"minecraft:iron_ore":54,"minecraft:andesite":9,"minecraft:birch_leaves":2,"minecraft:grass":4,"minecraft:coal_ore":74,"minecraft:deepslate_iron_ore":10,"minecraft:gravel":16,"minecraft:stone":157,"minecraft:deepslate":5,"minecraft:oak_leaves":1},"minecraft:dropped":{"minecraft:gravel":15,"minecraft:cobbled_deepslate":4,"minecraft:feather":4,"minecraft:rotten_flesh":3,"minecraft:granite":1,"minecraft:andesite":2,"minecraft:wooden_sword":1,"minecraft:white_wool":1},"minecraft:picked_up":{"minecraft:birch_log":11,"minecraft:crafting_table":4,"minecraft:feather":4,"minecraft:chicken":5,"minecraft:andesite":9,"minecraft:birch_planks":28,"minecraft:flint":2,"minecraft:dirt":20,"minecraft:cobbled_deepslate":4,"minecraft:raw_gold":1,"minecraft:cooked_chicken":2,"minecraft:birch_sapling":3,"minecraft:egg":2,"minecraft:furnace":6,"minecraft:raw_iron":63,"minecraft:gravel":15,"minecraft:porkchop":3,"minecraft:grass_block":1,"minecraft:rotten_flesh":3,"minecraft:granite":1,"minecraft:mutton":2,"minecraft:coal":93,"minecraft:white_wool":1,"minecraft:cobblestone":157,"minecraft:ender_pearl":1},"minecraft:crafted":{"minecraft:wooden_sword":1,"minecraft:cooked_porkchop":3,"minecraft:crafting_table":1,"minecraft:iron_helmet":1,"minecraft:wooden_pickaxe":1,"minecraft:cooked_chicken":3,"minecraft:iron_sword":1,"minecraft:furnace":3,"minecraft:birch_planks":44,"minecraft:stone_axe":1,"minecraft:cooked_mutton":1,"minecraft:air":0,"minecraft:iron_boots":1,"minecraft:iron_chestplate":1,"minecraft:shield":1,"minecraft:iron_axe":1,"minecraft:stick":20,"minecraft:iron_ingot":41,"minecraft:iron_pickaxe":2,"minecraft:stone_pickaxe":1,"minecraft:stone_sword":1,"minecraft:iron_leggings":1,"minecraft:torch":8}},"DataVersion":3337}