{"stats":{"minecraft:broken":{"minecraft:stone_pickaxe":1,"minecraft:iron_sword":1,"minecraft:iron_pickaxe":2},"minecraft:used":{"minecraft:stone_sword":68,"minecraft:enchanting_table":1,"minecraft:chest":1,"minecraft:shield":90,"minecraft:iron_sword":250,"minecraft:cooked_chicken":4,"minecraft:iron_chestplate":1,"minecraft:torch":6,"minecraft:dirt":11,"minecraft:anvil":7,"minecraft:iron_axe":4,"minecraft:birch_sapling":3,"minecraft:iron_helmet":1,"minecraft:iron_boots":2,"minecraft:golden_carrot":11,"minecraft:soul_soil":1,"minecraft:furnace":11,"minecraft:egg":2,"minecraft:enchanted_golden_apple":1,"minecraft:cobbled_deepslate":1,"minecraft:golden_boots":1,"minecraft:cooked_mutton":1,"minecraft:diamond_boots":2,"minecraft:birch_planks":2,"minecraft:stone_pickaxe":132,"minecraft:blackstone":4,"minecraft:wooden_pickaxe":17,"minecraft:sugar_cane":1,"minecraft:polished_blackstone_bricks":25,"minecraft:white_wool":4,"minecraft:glow_berries":3,"minecraft:crafting_table":8,"minecraft:crossbow":20,"minecraft:white_bed":1,"minecraft:diamond_shovel":44,"minecraft:bread":1,"minecraft:iron_pickaxe":661,"minecraft:stone_axe":13,"minecraft:diamond_sword":350,"minecraft:wooden_sword":11,"minecraft:cobblestone":1,"minecraft:cooked_porkchop":16,"minecraft:yellow_bed":20},"minecraft:killed_by":{"minecraft:piglin_brute":3,"minecraft:creeper":1,"minecraft:piglin":1,"minecraft:skeleton":1},"minecraft:custom":{"minecraft:mob_kills":135,"minecraft:interact_with_crafting_table":29,"minecraft:leave_game":5,"minecraft:time_since_death":72620,"minecraft:climb_one_cm":2350,"minecraft:damage_resisted":47,"minecraft:sprint_one_cm":245631,"minecraft:walk_one_cm":192934,"minecraft:damage_blocked_by_shield":5816,"minecraft:drop":86,"minecraft:play_time":139053,"minecraft:sneak_time":5432,"minecraft:deaths":6,"minecraft:walk_under_water_one_cm":6244,"minecraft:jump":1530,"minecraft:walk_on_water_one_cm":4582,"minecraft:total_world_time":139053,"minecraft:interact_with_furnace":68,"minecraft:sleep_in_bed":18,"minecraft:time_since_rest":3578,"minecraft:damage_taken":4433,"minecraft:damage_absorbed":106,"minecraft:damage_dealt":30106,"minecraft:swim_one_cm":8283,"minecraft:fly_one_cm":2556634,"minecraft:open_chest":87,"minecraft:crouch_one_cm":9405,"minecraft:fall_one_cm":79072},"minecraft:killed":{"minecraft:zombified_piglin":2,"minecraft:spider":4,"minecraft:skeleton":3,"minecraft:chicken":5,"minecraft:piglin_brute":21,"minecraft:magma_cube":8,"minecraft:piglin":21,"minecraft:pig":1,"minecraft:iron_golem":1,"minecraft:bat":1,"minecraft:hoglin":13,"minecraft:creeper":1,"minecraft:sheep":1,"minecraft:zombie":33,"minecraft:ghast":2,"minecraft:enderman":3,"minecraft:blaze":3,"minecraft:cow":3},"minecraft:mined":{"minecraft:deepslate_diamond_ore":34,"minecraft:granite":1,"minecraft:chiseled_polished_blackstone":2,"minecraft:grass_block":16,"minecraft:cracked_polished_blackstone_bricks":41,"minecraft:crimson_stem":6,"minecraft:spawner":1,"minecraft:polished_blackstone_bricks":80,"minecraft:furnace":11,"minecraft:iron_ore":54,"minecraft:fire":2,"minecraft:andesite":9,"minecraft:anvil":6,"minecraft:deepslate_lapis_ore":5,"minecraft:gold_block":60,"minecraft:deepslate_iron_ore":10,"minecraft:dirt_path":10,"minecraft:stone":157,"minecraft:white_wool":3,"minecraft:blackstone":79,"minecraft:crimson_nylium":1,"minecraft:basalt":2,"minecraft:crafting_table":6,"minecraft:chest":1,"minecraft:tall_grass":1,"minecraft:cobblestone":2,"minecraft:deepslate_gold_ore":13,"minecraft:birch_log":10,"minecraft:birch_leaves":2,"minecraft:yellow_bed":6,"minecraft:grass":5,"minecraft:coal_ore":74,"minecraft:gravel":16,"minecraft:dirt":28,"minecraft:netherrack":78,"minecraft:oak_leaves":1,"minecraft:deepslate":56},"minecraft:picked_up":{"minecraft:iron_chestplate":2,"minecraft:crafting_table":12,"minecraft:chicken":5,"minecraft:anvil":7,"minecraft:oak_stairs":2,"minecraft:gold_block":60,"minecraft:shield":3,"minecraft:golden_sword":3,"minecraft:string":396,"minecraft:soul_soil":3,"minecraft:iron_axe":1,"minecraft:iron_leggings":3,"minecraft:netherite_ingot":3,"minecraft:iron_shovel":1,"minecraft:blackstone":141,"minecraft:gold_nugget":5,"minecraft:cobbled_deepslate":62,"minecraft:beef":5,"minecraft:iron_pickaxe":4,"minecraft:birch_sapling":3,"minecraft:furnace":13,"minecraft:iron_boots":4,"minecraft:egg":2,"minecraft:golden_helmet":1,"minecraft:stick":100,"minecraft:raw_iron":107,"minecraft:torch":53,"minecraft:porkchop":35,"minecraft:polished_blackstone_bricks":79,"minecraft:golden_axe":1,"minecraft:music_disc_pigstep":2,"minecraft:stone_sword":2,"minecraft:arrow":66,"minecraft:rotten_flesh":49,"minecraft:diamond_boots":1,"minecraft:saddle":2,"minecraft:blaze_rod":2,"minecraft:glow_berries":6,"minecraft:obsidian":11,"minecraft:mutton":2,"minecraft:bone_block":30,"minecraft:white_wool":5,"minecraft:cobblestone":326,"minecraft:birch_log":11,"minecraft:feather":4,"minecraft:basalt":2,"minecraft:golden_carrot":4,"minecraft:crimson_stem":4,"minecraft:andesite":9,"minecraft:leather":11,"minecraft:birch_planks":121,"minecraft:flint":4,"minecraft:tuff":1,"minecraft:ancient_debris":1,"minecraft:yellow_bed":21,"minecraft:nether_wart_block":1,"minecraft:gunpowder":5,"minecraft:lapis_lazuli":33,"minecraft:dirt":135,"minecraft:cooked_mutton":3,"minecraft:bone":3,"minecraft:raw_gold":14,"minecraft:iron_ingot":31,"minecraft:cooked_chicken":7,"minecraft:iron_sword":3,"minecraft:ghast_tear":2,"minecraft:chiseled_polished_blackstone":2,"minecraft:cooked_porkchop":4,"minecraft:quartz":11,"minecraft:gravel":15,"minecraft:white_bed":1,"minecraft:grass_block":2,"minecraft:crying_obsidian":5,"minecraft:diamond_shovel":3,"minecraft:pumpkin_seeds":8,"minecraft:diamond":33,"minecraft:cracked_polished_blackstone_bricks":50,"minecraft:iron_helmet":5,"minecraft:granite":1,"minecraft:crossbow":2,"minecraft:diamond_axe":1,"minecraft:bone_meal":7,"minecraft:golden_apple":7,"minecraft:bread":21,"minecraft:netherrack":223,"minecraft:coal":312,"minecraft:ender_pearl":2},"minecraft:dropped":{"minecraft:golden_boots":1,"minecraft:golden_helmet":1,"minecraft:diamond":5,"minecraft:diamond_leggings":1,"minecraft:feather":4,"minecraft:golden_axe":1,"minecraft:iron_helmet":2,"minecraft:granite":1,"minecraft:golden_apple":2,"minecraft:flint":2,"minecraft:dirt":12,"minecraft:golden_carrot":6,"minecraft:gold_nugget":1,"minecraft:oak_stairs":2,"minecraft:wooden_sword":1,"minecraft:iron_axe":1,"minecraft:polished_blackstone_bricks":1,"minecraft:iron_pickaxe":1,"minecraft:string":332,"minecraft:white_wool":1,"minecraft:gravel":15,"minecraft:chiseled_polished_blackstone":2,"minecraft:stone_axe":1,"minecraft:soul_soil":2,"minecraft:cooked_chicken":2,"minecraft:stone_sword":2,"minecraft:cobbled_deepslate":8,"minecraft:obsidian":21,"minecraft:rotten_flesh":27,"minecraft:iron_boots":2,"minecraft:cooked_mutton":1,"minecraft:pumpkin_seeds":4,"minecraft:shield":1,"minecraft:andesite":2,"minecraft:yellow_bed":1,"minecraft:golden_sword":3,"minecraft:basalt":2,"minecraft:stone_pickaxe":1,"minecraft:raw_gold":1,"minecraft:crying_obsidian":1,"minecraft:quartz":11,"minecraft:netherrack":2},"minecraft:crafted":{"minecraft:wooden_sword":1,"minecraft:oak_planks":4,"minecraft:cooked_chicken":3,"minecraft:furnace":5,"minecraft:cooked_mutton":1,"minecraft:diamond_helmet":1,"minecraft:iron_boots":1,"minecraft:iron_axe":1,"minecraft:stone_pickaxe":1,"minecraft:chest":3,"minecraft:crimson_planks":8,"minecraft:cooked_porkchop":15,"minecraft:crafting_table":2,"minecraft:enchanting_table":1,"minecraft:wooden_pickaxe":1,"minecraft:iron_helmet":1,"minecraft:iron_sword":2,"minecraft:gold_block":1,"minecraft:birch_planks":44,"minecraft:stone_axe":1,"minecraft:bread":1,"minecraft:air":0,"minecraft:iron_chestplate":2,"minecraft:book":5,"minecraft:paper":15,"minecraft:shield":3,"minecraft:stick":24,"minecraft:iron_ingot":41,"minecraft:iron_pickaxe":3,"minecraft:stone_sword":1,"minecraft:iron_leggings":1,"minecraft:torch":8,"minecraft:diamond_chestplate":1}},"DataVersion":3337}