{"stats":{"minecraft:broken":{"minecraft:stone_pickaxe":1,"minecraft:iron_sword":1,"minecraft:shield":2,"minecraft:iron_pickaxe":2},"minecraft:used":{"minecraft:chest":1,"minecraft:shield":131,"minecraft:iron_sword":250,"minecraft:iron_chestplate":1,"minecraft:obsidian":4,"minecraft:birch_sapling":3,"minecraft:iron_helmet":1,"minecraft:furnace":13,"minecraft:egg":2,"minecraft:golden_boots":1,"minecraft:diamond_boots":2,"minecraft:stone_pickaxe":132,"minecraft:oak_planks":1,"minecraft:blackstone":6,"minecraft:wooden_pickaxe":17,"minecraft:diamond_axe":88,"minecraft:sugar_cane":30,"minecraft:white_wool":4,"minecraft:glow_berries":3,"minecraft:crossbow":23,"minecraft:bread":1,"minecraft:string":2,"minecraft:diamond_sword":891,"minecraft:wooden_sword":11,"minecraft:enchanting_table":1,"minecraft:stone_sword":68,"minecraft:ender_chest":1,"minecraft:cooked_chicken":4,"minecraft:torch":15,"minecraft:dirt":24,"minecraft:anvil":8,"minecraft:diamond_helmet":2,"minecraft:iron_axe":4,"minecraft:iron_boots":2,"minecraft:diamond_chestplate":1,"minecraft:golden_carrot":20,"minecraft:soul_soil":1,"minecraft:cooked_beef":5,"minecraft:cobbled_deepslate":50,"minecraft:enchanted_golden_apple":1,"minecraft:cooked_mutton":1,"minecraft:water_bucket":70,"minecraft:birch_planks":2,"minecraft:polished_blackstone_bricks":25,"minecraft:crafting_table":10,"minecraft:white_bed":2,"minecraft:smoker":2,"minecraft:diamond_pickaxe":207,"minecraft:diamond_shovel":166,"minecraft:iron_pickaxe":661,"minecraft:stone_axe":13,"minecraft:cobblestone":1,"minecraft:cooked_porkchop":28,"minecraft:bucket":70,"minecraft:yellow_bed":20},"minecraft:killed_by":{"minecraft:piglin_brute":3,"minecraft:creeper":2,"minecraft:piglin":1,"minecraft:iron_golem":1,"minecraft:skeleton":2},"minecraft:custom":{"minecraft:interact_with_crafting_table":41,"minecraft:leave_game":7,"minecraft:time_since_death":5205,"minecraft:damage_resisted":47,"minecraft:sprint_one_cm":514061,"minecraft:damage_blocked_by_shield":8464,"minecraft:drop":158,"minecraft:talked_to_villager":2,"minecraft:play_time":218853,"minecraft:deaths":9,"minecraft:jump":2819,"minecraft:walk_on_water_one_cm":9519,"minecraft:interact_with_furnace":71,"minecraft:sleep_in_bed":20,"minecraft:open_enderchest":2,"minecraft:damage_dealt":58128,"minecraft:crouch_one_cm":17257,"minecraft:interact_with_smoker":21,"minecraft:mob_kills":231,"minecraft:inspect_hopper":2,"minecraft:climb_one_cm":2858,"minecraft:walk_one_cm":337432,"minecraft:sneak_time":9171,"minecraft:walk_under_water_one_cm":7812,"minecraft:total_world_time":218853,"minecraft:time_since_rest":5230,"minecraft:damage_taken":7666,"minecraft:damage_absorbed":106,"minecraft:swim_one_cm":21767,"minecraft:fly_one_cm":3327715,"minecraft:open_chest":191,"minecraft:fall_one_cm":126009},"minecraft:killed":{"minecraft:zombified_piglin":4,"minecraft:spider":9,"minecraft:skeleton":6,"minecraft:chicken":5,"minecraft:piglin_brute":30,"minecraft:magma_cube":8,"minecraft:piglin":47,"minecraft:pig":1,"minecraft:iron_golem":1,"minecraft:creeper":1,"minecraft:sheep":1,"minecraft:zombie":43,"minecraft:ghast":2,"minecraft:cow":4,"minecraft:blaze":3,"minecraft:bat":1,"minecraft:hoglin":16,"minecraft:enderman":37},"minecraft:mined":{"minecraft:obsidian":1,"minecraft:granite":1,"minecraft:chiseled_polished_blackstone":3,"minecraft:grass_block":31,"minecraft:cracked_polished_blackstone_bricks":56,"minecraft:spawner":1,"minecraft:polished_blackstone_bricks":82,"minecraft:iron_ore":57,"minecraft:fire":2,"minecraft:deepslate_lapis_ore":5,"minecraft:anvil":7,"minecraft:dirt_path":11,"minecraft:tripwire":2,"minecraft:blackstone":131,"minecraft:twisting_vines_plant":3,"minecraft:smoker":2,"minecraft:crimson_nylium":1,"minecraft:torch":2,"minecraft:chest":2,"minecraft:cobblestone":2,"minecraft:sugar_cane":13,"minecraft:warped_nylium":1,"minecraft:nether_wart_block":2,"minecraft:birch_log":10,"minecraft:grass":8,"minecraft:oak_log":25,"minecraft:sand":117,"minecraft:dirt":38,"minecraft:netherrack":79,"minecraft:oak_leaves":1,"minecraft:deepslate":73,"minecraft:deepslate_diamond_ore":34,"minecraft:crimson_stem":6,"minecraft:furnace":11,"minecraft:andesite":9,"minecraft:gold_block":79,"minecraft:deepslate_iron_ore":12,"minecraft:warped_stem":38,"minecraft:stone":218,"minecraft:white_wool":3,"minecraft:glass_pane":2,"minecraft:basalt":2,"minecraft:crafting_table":8,"minecraft:warped_roots":1,"minecraft:tall_grass":3,"minecraft:deepslate_gold_ore":13,"minecraft:diorite":12,"minecraft:birch_leaves":2,"minecraft:yellow_bed":6,"minecraft:coal_ore":74,"minecraft:gravel":16},"minecraft:dropped":{"minecraft:warped_fungus":2,"minecraft:oak_log":5,"minecraft:ender_pearl":16,"minecraft:diamond":5,"minecraft:crafting_table":2,"minecraft:cooked_porkchop":1,"minecraft:crossbow":2,"minecraft:warped_roots":14,"minecraft:flint":2,"minecraft:gold_block":21,"minecraft:cracked_polished_blackstone_bricks":3,"minecraft:dirt":14,"minecraft:crimson_roots":7,"minecraft:gold_nugget":3,"minecraft:wooden_sword":1,"minecraft:sand":115,"minecraft:polished_blackstone_bricks":2,"minecraft:iron_pickaxe":1,"minecraft:white_wool":1,"minecraft:gravel":15,"minecraft:chiseled_polished_blackstone":3,"minecraft:stone_axe":1,"minecraft:blackstone":3,"minecraft:cobbled_deepslate":13,"minecraft:cooked_chicken":2,"minecraft:twisting_vines":2,"minecraft:obsidian":46,"minecraft:rotten_flesh":52,"minecraft:oak_planks":1,"minecraft:cooked_mutton":1,"minecraft:poppy":1,"minecraft:gunpowder":1,"minecraft:melon_seeds":1,"minecraft:chest":1,"minecraft:basalt":2,"minecraft:crying_obsidian":1,"minecraft:quartz":11,"minecraft:netherrack":3,"minecraft:golden_boots":1,"minecraft:iron_ingot":7,"minecraft:oak_slab":2,"minecraft:wheat_seeds":2,"minecraft:golden_helmet":1,"minecraft:diamond_leggings":1,"minecraft:feather":4,"minecraft:golden_axe":1,"minecraft:iron_helmet":2,"minecraft:cobblestone":61,"minecraft:granite":1,"minecraft:coal":55,"minecraft:golden_apple":2,"minecraft:diorite":18,"minecraft:golden_carrot":6,"minecraft:oak_stairs":2,"minecraft:iron_axe":1,"minecraft:string":344,"minecraft:soul_soil":2,"minecraft:warped_nylium":8,"minecraft:stone_sword":2,"minecraft:raw_iron":2,"minecraft:iron_boots":2,"minecraft:name_tag":3,"minecraft:pumpkin_seeds":4,"minecraft:shield":1,"minecraft:andesite":2,"minecraft:yellow_bed":1,"minecraft:golden_sword":3,"minecraft:spider_eye":2,"minecraft:stone_pickaxe":1,"minecraft:raw_gold":1},"minecraft:picked_up":{"minecraft:iron_chestplate":2,"minecraft:anvil":8,"minecraft:oak_stairs":2,"minecraft:golden_sword":3,"minecraft:string":2156,"minecraft:soul_soil":3,"minecraft:raw_copper":2,"minecraft:iron_leggings":3,"minecraft:netherite_ingot":3,"minecraft:diamond_leggings":3,"minecraft:gold_nugget":7,"minecraft:cobbled_deepslate":84,"minecraft:bucket":4,"minecraft:iron_pickaxe":4,"minecraft:furnace":13,"minecraft:iron_boots":4,"minecraft:golden_helmet":1,"minecraft:stick":100,"minecraft:torch":55,"minecraft:porkchop":44,"minecraft:golden_axe":1,"minecraft:diorite":12,"minecraft:music_disc_pigstep":2,"minecraft:warped_planks":114,"minecraft:stone_sword":2,"minecraft:rotten_flesh":79,"minecraft:blaze_rod":2,"minecraft:obsidian":39,"minecraft:cobblestone":387,"minecraft:birch_log":11,"minecraft:feather":4,"minecraft:andesite":9,"minecraft:smoker":6,"minecraft:flint":4,"minecraft:tuff":1,"minecraft:dirt":168,"minecraft:lapis_lazuli":159,"minecraft:twisting_vines":2,"minecraft:bone":12,"minecraft:wheat_seeds":2,"minecraft:raw_gold":14,"minecraft:diamond_helmet":3,"minecraft:oak_planks":79,"minecraft:ghast_tear":2,"minecraft:chiseled_polished_blackstone":3,"minecraft:cooked_porkchop":16,"minecraft:sand":114,"minecraft:grass_block":2,"minecraft:spectral_arrow":128,"minecraft:diamond":33,"minecraft:cracked_polished_blackstone_bricks":83,"minecraft:crossbow":7,"minecraft:granite":1,"minecraft:bone_meal":7,"minecraft:golden_apple":9,"minecraft:bread":21,"minecraft:netherrack":227,"minecraft:crimson_roots":7,"minecraft:diamond_pickaxe":4,"minecraft:crafting_table":18,"minecraft:chicken":5,"minecraft:gold_block":163,"minecraft:shield":6,"minecraft:iron_axe":1,"minecraft:netherite_scrap":3,"minecraft:iron_shovel":1,"minecraft:blackstone":334,"minecraft:beef":7,"minecraft:poppy":1,"minecraft:sugar_cane":27,"minecraft:chest":1,"minecraft:birch_sapling":3,"minecraft:egg":2,"minecraft:raw_iron":112,"minecraft:polished_blackstone_bricks":80,"minecraft:arrow":396,"minecraft:diamond_chestplate":2,"minecraft:diamond_boots":3,"minecraft:saddle":2,"minecraft:gold_ingot":18,"minecraft:glow_berries":6,"minecraft:mutton":2,"minecraft:white_wool":5,"minecraft:bone_block":108,"minecraft:basalt":2,"minecraft:golden_carrot":16,"minecraft:crimson_stem":4,"minecraft:leather":36,"minecraft:birch_planks":121,"minecraft:crimson_fungus":3,"minecraft:oak_log":52,"minecraft:ancient_debris":1,"minecraft:nether_wart_block":1,"minecraft:yellow_bed":21,"minecraft:gunpowder":6,"minecraft:cooked_mutton":3,"minecraft:warped_stem":112,"minecraft:iron_ingot":52,"minecraft:cooked_chicken":7,"minecraft:iron_sword":3,"minecraft:oak_slab":2,"minecraft:warped_fungus":2,"minecraft:quartz":11,"minecraft:gravel":15,"minecraft:white_bed":5,"minecraft:crying_obsidian":5,"minecraft:spider_eye":2,"minecraft:diamond_shovel":6,"minecraft:pumpkin_seeds":8,"minecraft:iron_helmet":5,"minecraft:diamond_axe":4,"minecraft:warped_roots":14,"minecraft:warped_nylium":8,"minecraft:coal":312,"minecraft:ender_pearl":50},"minecraft:crafted":{"minecraft:ender_chest":1,"minecraft:oak_planks":48,"minecraft:cooked_chicken":3,"minecraft:cooked_mutton":1,"minecraft:warped_planks":48,"minecraft:diamond_helmet":1,"minecraft:iron_boots":1,"minecraft:chest":3,"minecraft:cooked_porkchop":30,"minecraft:diamond_axe":1,"minecraft:crafting_table":3,"minecraft:wooden_pickaxe":1,"minecraft:iron_helmet":1,"minecraft:gold_block":1,"minecraft:birch_planks":44,"minecraft:book":5,"minecraft:iron_chestplate":2,"minecraft:paper":15,"minecraft:diamond_pickaxe":1,"minecraft:shield":5,"minecraft:stick":36,"minecraft:iron_ingot":53,"minecraft:iron_pickaxe":3,"minecraft:stone_sword":1,"minecraft:wooden_sword":1,"minecraft:furnace":5,"minecraft:bone_meal":15,"minecraft:iron_axe":1,"minecraft:stone_pickaxe":1,"minecraft:cooked_beef":5,"minecraft:crimson_planks":8,"minecraft:diamond_sword":1,"minecraft:enchanting_table":1,"minecraft:iron_sword":2,"minecraft:bucket":1,"minecraft:stone_axe":1,"minecraft:bread":1,"minecraft:air":0,"minecraft:white_wool":4,"minecraft:iron_leggings":1,"minecraft:white_bed":1,"minecraft:torch":16,"minecraft:diamond_chestplate":1}},"DataVersion":3337}