{"stats":{"minecraft:used":{"minecraft:stone_pickaxe":5,"minecraft:birch_sapling":3,"minecraft:wooden_pickaxe":17,"minecraft:stone_axe":1,"minecraft:wooden_sword":11,"minecraft:dirt":9,"minecraft:crafting_table":2,"minecraft:egg":2},"minecraft:killed":{"minecraft:chicken":3,"minecraft:enderman":1},"minecraft:killed_by":{"minecraft:creeper":1},"minecraft:picked_up":{"minecraft:birch_log":11,"minecraft:crafting_table":2,"minecraft:feather":2,"minecraft:chicken":3,"minecraft:birch_planks":28,"minecraft:grass_block":1,"minecraft:dirt":19,"minecraft:birch_sapling":3,"minecraft:cobblestone":16,"minecraft:egg":2},"minecraft:custom":{"minecraft:time_since_rest":6659,"minecraft:sprint_one_cm":22240,"minecraft:damage_taken":375,"minecraft:walk_one_cm":8999,"minecraft:mob_kills":4,"minecraft:drop":2,"minecraft:damage_dealt":509,"minecraft:interact_with_crafting_table":4,"minecraft:fly_one_cm":17952,"minecraft:crouch_one_cm":151,"minecraft:play_time":8978,"minecraft:deaths":1,"minecraft:sneak_time":83,"minecraft:jump":105,"minecraft:time_since_death":4649,"minecraft:total_world_time":8978,"minecraft:climb_one_cm":218,"minecraft:fall_one_cm":1939},"minecraft:dropped":{"minecraft:feather":2,"minecraft:wooden_sword":1},"minecraft:mined":{"minecraft:birch_log":10,"minecraft:birch_leaves":2,"minecraft:crafting_table":2,"minecraft:grass_block":4,"minecraft:stone":21,"minecraft:oak_leaves":1},"minecraft:crafted":{"minecraft:wooden_sword":1,"minecraft:crafting_table":1,"minecraft:stick":8,"minecraft:wooden_pickaxe":1,"minecraft:stone_pickaxe":1,"minecraft:stone_sword":1,"minecraft:birch_planks":44,"minecraft:stone_axe":1}},"DataVersion":3337}