{"stats":{"minecraft:broken":{"minecraft:stone_pickaxe":1,"minecraft:iron_sword":1,"minecraft:iron_pickaxe":1},"minecraft:used":{"minecraft:stone_sword":68,"minecraft:chest":1,"minecraft:shield":74,"minecraft:iron_sword":250,"minecraft:cooked_chicken":4,"minecraft:iron_chestplate":1,"minecraft:torch":6,"minecraft:dirt":10,"minecraft:iron_axe":4,"minecraft:birch_sapling":3,"minecraft:iron_helmet":1,"minecraft:iron_boots":2,"minecraft:golden_carrot":3,"minecraft:furnace":11,"minecraft:egg":2,"minecraft:enchanted_golden_apple":1,"minecraft:cooked_mutton":1,"minecraft:birch_planks":2,"minecraft:stone_pickaxe":132,"minecraft:blackstone":4,"minecraft:wooden_pickaxe":17,"minecraft:polished_blackstone_bricks":25,"minecraft:glow_berries":3,"minecraft:crafting_table":8,"minecraft:diamond_shovel":2,"minecraft:bread":1,"minecraft:iron_pickaxe":475,"minecraft:stone_axe":13,"minecraft:diamond_sword":111,"minecraft:wooden_sword":11,"minecraft:cobblestone":1,"minecraft:cooked_porkchop":13},"minecraft:killed_by":{"minecraft:piglin_brute":3,"minecraft:creeper":1,"minecraft:piglin":1,"minecraft:skeleton":1},"minecraft:custom":{"minecraft:mob_kills":94,"minecraft:interact_with_crafting_table":22,"minecraft:leave_game":2,"minecraft:time_since_death":31912,"minecraft:climb_one_cm":1213,"minecraft:damage_resisted":47,"minecraft:sprint_one_cm":136367,"minecraft:walk_one_cm":116440,"minecraft:damage_blocked_by_shield":4751,"minecraft:drop":41,"minecraft:play_time":98345,"minecraft:deaths":6,"minecraft:sneak_time":4822,"minecraft:walk_under_water_one_cm":5368,"minecraft:jump":871,"minecraft:walk_on_water_one_cm":1806,"minecraft:total_world_time":98345,"minecraft:interact_with_furnace":63,"minecraft:sleep_in_bed":1,"minecraft:time_since_rest":31973,"minecraft:damage_taken":3873,"minecraft:damage_absorbed":106,"minecraft:damage_dealt":21280,"minecraft:swim_one_cm":7929,"minecraft:fly_one_cm":2198793,"minecraft:open_chest":51,"minecraft:crouch_one_cm":8532,"minecraft:fall_one_cm":55257},"minecraft:killed":{"minecraft:zombified_piglin":2,"minecraft:chicken":5,"minecraft:piglin_brute":21,"minecraft:magma_cube":8,"minecraft:piglin":20,"minecraft:pig":1,"minecraft:hoglin":10,"minecraft:sheep":1,"minecraft:zombie":9,"minecraft:ghast":2,"minecraft:blaze":3,"minecraft:enderman":2},"minecraft:mined":{"minecraft:granite":1,"minecraft:chiseled_polished_blackstone":2,"minecraft:grass_block":6,"minecraft:cracked_polished_blackstone_bricks":41,"minecraft:spawner":1,"minecraft:crimson_stem":6,"minecraft:polished_blackstone_bricks":80,"minecraft:furnace":11,"minecraft:iron_ore":54,"minecraft:fire":2,"minecraft:andesite":9,"minecraft:gold_block":60,"minecraft:deepslate_iron_ore":10,"minecraft:stone":157,"minecraft:blackstone":79,"minecraft:crimson_nylium":1,"minecraft:basalt":2,"minecraft:crafting_table":6,"minecraft:chest":1,"minecraft:cobblestone":2,"minecraft:deepslate_gold_ore":1,"minecraft:birch_log":10,"minecraft:birch_leaves":2,"minecraft:grass":4,"minecraft:coal_ore":74,"minecraft:gravel":16,"minecraft:netherrack":8,"minecraft:oak_leaves":1,"minecraft:deepslate":5},"minecraft:dropped":{"minecraft:golden_helmet":1,"minecraft:golden_axe":1,"minecraft:iron_helmet":2,"minecraft:feather":4,"minecraft:granite":1,"minecraft:golden_apple":2,"minecraft:flint":2,"minecraft:dirt":10,"minecraft:wooden_sword":1,"minecraft:iron_axe":1,"minecraft:polished_blackstone_bricks":1,"minecraft:iron_pickaxe":1,"minecraft:string":10,"minecraft:white_wool":1,"minecraft:gravel":15,"minecraft:chiseled_polished_blackstone":2,"minecraft:stone_axe":1,"minecraft:cooked_chicken":2,"minecraft:stone_sword":2,"minecraft:cobbled_deepslate":8,"minecraft:obsidian":2,"minecraft:rotten_flesh":3,"minecraft:iron_boots":2,"minecraft:cooked_mutton":1,"minecraft:pumpkin_seeds":4,"minecraft:shield":1,"minecraft:andesite":2,"minecraft:golden_sword":2,"minecraft:basalt":2,"minecraft:stone_pickaxe":1,"minecraft:raw_gold":1,"minecraft:crying_obsidian":1,"minecraft:netherrack":1},"minecraft:picked_up":{"minecraft:crafting_table":12,"minecraft:iron_chestplate":2,"minecraft:chicken":5,"minecraft:gold_block":60,"minecraft:golden_sword":2,"minecraft:shield":3,"minecraft:soul_soil":3,"minecraft:string":10,"minecraft:iron_axe":1,"minecraft:iron_leggings":3,"minecraft:netherite_ingot":3,"minecraft:iron_shovel":1,"minecraft:blackstone":141,"minecraft:gold_nugget":4,"minecraft:cobbled_deepslate":12,"minecraft:iron_pickaxe":4,"minecraft:birch_sapling":3,"minecraft:egg":2,"minecraft:furnace":13,"minecraft:iron_boots":4,"minecraft:golden_helmet":1,"minecraft:stick":96,"minecraft:raw_iron":107,"minecraft:torch":53,"minecraft:porkchop":28,"minecraft:polished_blackstone_bricks":79,"minecraft:golden_axe":1,"minecraft:music_disc_pigstep":2,"minecraft:stone_sword":2,"minecraft:arrow":64,"minecraft:rotten_flesh":3,"minecraft:saddle":2,"minecraft:blaze_rod":2,"minecraft:mutton":2,"minecraft:glow_berries":6,"minecraft:obsidian":2,"minecraft:bone_block":30,"minecraft:white_wool":1,"minecraft:cobblestone":321,"minecraft:birch_log":11,"minecraft:feather":4,"minecraft:basalt":2,"minecraft:crimson_stem":4,"minecraft:andesite":9,"minecraft:leather":7,"minecraft:birch_planks":121,"minecraft:flint":4,"minecraft:ancient_debris":1,"minecraft:nether_wart_block":1,"minecraft:gunpowder":3,"minecraft:dirt":94,"minecraft:cooked_mutton":3,"minecraft:raw_gold":2,"minecraft:iron_ingot":28,"minecraft:cooked_chicken":7,"minecraft:iron_sword":3,"minecraft:ghast_tear":2,"minecraft:chiseled_polished_blackstone":2,"minecraft:cooked_porkchop":4,"minecraft:gravel":15,"minecraft:grass_block":1,"minecraft:crying_obsidian":5,"minecraft:diamond_shovel":3,"minecraft:pumpkin_seeds":8,"minecraft:crossbow":2,"minecraft:iron_helmet":5,"minecraft:cracked_polished_blackstone_bricks":50,"minecraft:diamond_axe":1,"minecraft:granite":1,"minecraft:bone_meal":7,"minecraft:golden_apple":7,"minecraft:bread":21,"minecraft:netherrack":143,"minecraft:coal":312,"minecraft:ender_pearl":1},"minecraft:crafted":{"minecraft:wooden_sword":1,"minecraft:oak_planks":4,"minecraft:cooked_chicken":3,"minecraft:furnace":5,"minecraft:cooked_mutton":1,"minecraft:iron_boots":1,"minecraft:iron_axe":1,"minecraft:stone_pickaxe":1,"minecraft:chest":1,"minecraft:crimson_planks":8,"minecraft:cooked_porkchop":14,"minecraft:crafting_table":2,"minecraft:wooden_pickaxe":1,"minecraft:iron_helmet":1,"minecraft:iron_sword":2,"minecraft:birch_planks":44,"minecraft:stone_axe":1,"minecraft:bread":1,"minecraft:air":0,"minecraft:iron_chestplate":2,"minecraft:shield":3,"minecraft:stick":24,"minecraft:iron_ingot":41,"minecraft:iron_pickaxe":3,"minecraft:stone_sword":1,"minecraft:iron_leggings":1,"minecraft:torch":8}},"DataVersion":3337}