{"stats":{"minecraft:broken":{"minecraft:stone_pickaxe":1},"minecraft:used":{"minecraft:stone_sword":42,"minecraft:stone_pickaxe":131,"minecraft:wooden_pickaxe":17,"minecraft:chest":1,"minecraft:shield":28,"minecraft:iron_sword":47,"minecraft:cooked_chicken":3,"minecraft:torch":6,"minecraft:dirt":10,"minecraft:crafting_table":5,"minecraft:bread":1,"minecraft:iron_pickaxe":202,"minecraft:iron_axe":4,"minecraft:birch_sapling":3,"minecraft:iron_boots":1,"minecraft:wooden_sword":11,"minecraft:stone_axe":13,"minecraft:cobblestone":1,"minecraft:furnace":6,"minecraft:cooked_porkchop":3,"minecraft:egg":2},"minecraft:killed_by":{"minecraft:piglin_brute":2,"minecraft:skeleton":1,"minecraft:creeper":1},"minecraft:custom":{"minecraft:interact_with_furnace":49,"minecraft:mob_kills":29,"minecraft:interact_with_crafting_table":16,"minecraft:leave_game":2,"minecraft:time_since_death":3199,"minecraft:sleep_in_bed":1,"minecraft:climb_one_cm":487,"minecraft:time_since_rest":3224,"minecraft:sprint_one_cm":80222,"minecraft:damage_taken":1613,"minecraft:walk_one_cm":60536,"minecraft:damage_blocked_by_shield":2025,"minecraft:drop":19,"minecraft:damage_dealt":5221,"minecraft:swim_one_cm":7929,"minecraft:fly_one_cm":1087525,"minecraft:open_chest":26,"minecraft:crouch_one_cm":3759,"minecraft:play_time":50345,"minecraft:deaths":4,"minecraft:sneak_time":1454,"minecraft:walk_under_water_one_cm":5368,"minecraft:jump":518,"minecraft:walk_on_water_one_cm":1806,"minecraft:total_world_time":50345,"minecraft:fall_one_cm":27068},"minecraft:killed":{"minecraft:piglin":7,"minecraft:pig":1,"minecraft:hoglin":2,"minecraft:sheep":1,"minecraft:zombie":9,"minecraft:chicken":5,"minecraft:piglin_brute":2,"minecraft:enderman":2},"minecraft:mined":{"minecraft:blackstone":15,"minecraft:crafting_table":4,"minecraft:granite":1,"minecraft:grass_block":6,"minecraft:chest":1,"minecraft:cracked_polished_blackstone_bricks":3,"minecraft:cobblestone":2,"minecraft:deepslate_gold_ore":1,"minecraft:crimson_stem":5,"minecraft:polished_blackstone_bricks":2,"minecraft:furnace":6,"minecraft:birch_log":10,"minecraft:iron_ore":54,"minecraft:fire":1,"minecraft:birch_leaves":2,"minecraft:andesite":9,"minecraft:gold_block":1,"minecraft:grass":4,"minecraft:coal_ore":74,"minecraft:deepslate_iron_ore":10,"minecraft:gravel":16,"minecraft:stone":157,"minecraft:oak_leaves":1,"minecraft:deepslate":5},"minecraft:dropped":{"minecraft:gravel":15,"minecraft:golden_helmet":1,"minecraft:cobbled_deepslate":8,"minecraft:obsidian":2,"minecraft:feather":4,"minecraft:rotten_flesh":3,"minecraft:granite":1,"minecraft:pumpkin_seeds":4,"minecraft:flint":2,"minecraft:dirt":10,"minecraft:andesite":2,"minecraft:wooden_sword":1,"minecraft:iron_axe":1,"minecraft:raw_gold":1,"minecraft:iron_pickaxe":1,"minecraft:string":10,"minecraft:white_wool":1},"minecraft:picked_up":{"minecraft:birch_log":11,"minecraft:iron_chestplate":1,"minecraft:crafting_table":8,"minecraft:feather":4,"minecraft:chicken":5,"minecraft:crimson_stem":4,"minecraft:andesite":9,"minecraft:leather":1,"minecraft:birch_planks":63,"minecraft:gold_block":1,"minecraft:flint":4,"minecraft:shield":1,"minecraft:nether_wart_block":1,"minecraft:string":10,"minecraft:dirt":30,"minecraft:iron_axe":1,"minecraft:iron_leggings":2,"minecraft:cooked_mutton":1,"minecraft:iron_shovel":1,"minecraft:blackstone":18,"minecraft:gold_nugget":2,"minecraft:cobbled_deepslate":12,"minecraft:raw_gold":2,"minecraft:iron_ingot":7,"minecraft:cooked_chicken":4,"minecraft:iron_pickaxe":2,"minecraft:iron_sword":1,"minecraft:birch_sapling":3,"minecraft:iron_boots":1,"minecraft:furnace":6,"minecraft:egg":2,"minecraft:ghast_tear":1,"minecraft:golden_helmet":1,"minecraft:stick":63,"minecraft:raw_iron":85,"minecraft:cooked_porkchop":1,"minecraft:torch":53,"minecraft:gravel":15,"minecraft:porkchop":8,"minecraft:polished_blackstone_bricks":2,"minecraft:music_disc_pigstep":1,"minecraft:grass_block":1,"minecraft:crying_obsidian":4,"minecraft:diamond_shovel":1,"minecraft:pumpkin_seeds":8,"minecraft:arrow":41,"minecraft:rotten_flesh":3,"minecraft:cracked_polished_blackstone_bricks":2,"minecraft:iron_helmet":1,"minecraft:granite":1,"minecraft:diamond_axe":1,"minecraft:golden_apple":2,"minecraft:bone_meal":7,"minecraft:saddle":1,"minecraft:bread":21,"minecraft:netherrack":134,"minecraft:obsidian":2,"minecraft:mutton":2,"minecraft:coal":156,"minecraft:white_wool":1,"minecraft:bone_block":18,"minecraft:cobblestone":217,"minecraft:ender_pearl":1},"minecraft:crafted":{"minecraft:wooden_sword":1,"minecraft:oak_planks":4,"minecraft:crimson_planks":8,"minecraft:cooked_porkchop":3,"minecraft:crafting_table":1,"minecraft:wooden_pickaxe":1,"minecraft:cooked_chicken":3,"minecraft:iron_helmet":1,"minecraft:iron_sword":1,"minecraft:furnace":3,"minecraft:birch_planks":44,"minecraft:stone_axe":1,"minecraft:bread":1,"minecraft:cooked_mutton":1,"minecraft:air":0,"minecraft:iron_boots":1,"minecraft:iron_chestplate":1,"minecraft:shield":2,"minecraft:iron_axe":1,"minecraft:stick":20,"minecraft:iron_ingot":41,"minecraft:iron_pickaxe":2,"minecraft:stone_pickaxe":1,"minecraft:stone_sword":1,"minecraft:chest":1,"minecraft:iron_leggings":1,"minecraft:torch":8}},"DataVersion":3337}