{"stats":{"minecraft:broken":{"minecraft:stone_pickaxe":1,"minecraft:shield":1,"minecraft:iron_sword":1,"minecraft:iron_pickaxe":2},"minecraft:used":{"minecraft:stone_sword":68,"minecraft:enchanting_table":1,"minecraft:chest":1,"minecraft:shield":93,"minecraft:iron_sword":250,"minecraft:cooked_chicken":4,"minecraft:iron_chestplate":1,"minecraft:torch":6,"minecraft:dirt":14,"minecraft:anvil":7,"minecraft:iron_axe":4,"minecraft:birch_sapling":3,"minecraft:iron_helmet":1,"minecraft:iron_boots":2,"minecraft:golden_carrot":15,"minecraft:soul_soil":1,"minecraft:furnace":11,"minecraft:egg":2,"minecraft:enchanted_golden_apple":1,"minecraft:cobbled_deepslate":32,"minecraft:golden_boots":1,"minecraft:cooked_mutton":1,"minecraft:diamond_boots":2,"minecraft:oak_planks":1,"minecraft:birch_planks":2,"minecraft:stone_pickaxe":132,"minecraft:blackstone":4,"minecraft:wooden_pickaxe":17,"minecraft:diamond_axe":31,"minecraft:sugar_cane":1,"minecraft:polished_blackstone_bricks":25,"minecraft:white_wool":4,"minecraft:glow_berries":3,"minecraft:crafting_table":8,"minecraft:crossbow":22,"minecraft:white_bed":2,"minecraft:diamond_shovel":44,"minecraft:bread":1,"minecraft:string":2,"minecraft:iron_pickaxe":661,"minecraft:stone_axe":13,"minecraft:diamond_sword":369,"minecraft:wooden_sword":11,"minecraft:cobblestone":1,"minecraft:cooked_porkchop":17,"minecraft:yellow_bed":20},"minecraft:killed_by":{"minecraft:piglin_brute":3,"minecraft:creeper":1,"minecraft:piglin":1,"minecraft:skeleton":1},"minecraft:custom":{"minecraft:mob_kills":143,"minecraft:inspect_hopper":2,"minecraft:interact_with_crafting_table":36,"minecraft:leave_game":5,"minecraft:time_since_death":84620,"minecraft:climb_one_cm":2350,"minecraft:damage_resisted":47,"minecraft:sprint_one_cm":294355,"minecraft:walk_one_cm":237889,"minecraft:damage_blocked_by_shield":6176,"minecraft:drop":100,"minecraft:play_time":151053,"minecraft:sneak_time":5525,"minecraft:deaths":6,"minecraft:walk_under_water_one_cm":6244,"minecraft:jump":1844,"minecraft:walk_on_water_one_cm":4664,"minecraft:total_world_time":151053,"minecraft:interact_with_furnace":68,"minecraft:sleep_in_bed":19,"minecraft:time_since_rest":650,"minecraft:damage_taken":4933,"minecraft:damage_absorbed":106,"minecraft:damage_dealt":31343,"minecraft:swim_one_cm":8283,"minecraft:fly_one_cm":2631159,"minecraft:open_chest":110,"minecraft:crouch_one_cm":9522,"minecraft:interact_with_smoker":8,"minecraft:fall_one_cm":85736},"minecraft:killed":{"minecraft:zombified_piglin":3,"minecraft:spider":7,"minecraft:skeleton":5,"minecraft:chicken":5,"minecraft:piglin_brute":21,"minecraft:magma_cube":8,"minecraft:piglin":21,"minecraft:pig":1,"minecraft:iron_golem":1,"minecraft:bat":1,"minecraft:hoglin":13,"minecraft:creeper":1,"minecraft:sheep":1,"minecraft:zombie":35,"minecraft:ghast":2,"minecraft:enderman":3,"minecraft:blaze":3,"minecraft:cow":3},"minecraft:mined":{"minecraft:deepslate_diamond_ore":34,"minecraft:granite":1,"minecraft:chiseled_polished_blackstone":2,"minecraft:grass_block":17,"minecraft:cracked_polished_blackstone_bricks":41,"minecraft:crimson_stem":6,"minecraft:spawner":1,"minecraft:polished_blackstone_bricks":80,"minecraft:furnace":11,"minecraft:iron_ore":54,"minecraft:fire":2,"minecraft:andesite":9,"minecraft:anvil":6,"minecraft:deepslate_lapis_ore":5,"minecraft:gold_block":60,"minecraft:deepslate_iron_ore":10,"minecraft:dirt_path":11,"minecraft:stone":157,"minecraft:white_wool":3,"minecraft:tripwire":2,"minecraft:glass_pane":2,"minecraft:blackstone":79,"minecraft:crimson_nylium":1,"minecraft:basalt":2,"minecraft:crafting_table":6,"minecraft:chest":1,"minecraft:tall_grass":3,"minecraft:cobblestone":2,"minecraft:deepslate_gold_ore":13,"minecraft:birch_log":10,"minecraft:birch_leaves":2,"minecraft:yellow_bed":6,"minecraft:grass":7,"minecraft:oak_log":25,"minecraft:coal_ore":74,"minecraft:gravel":16,"minecraft:dirt":31,"minecraft:netherrack":78,"minecraft:oak_leaves":1,"minecraft:deepslate":56},"minecraft:picked_up":{"minecraft:iron_chestplate":2,"minecraft:crafting_table":12,"minecraft:chicken":5,"minecraft:anvil":7,"minecraft:oak_stairs":2,"minecraft:gold_block":60,"minecraft:shield":3,"minecraft:golden_sword":3,"minecraft:string":1028,"minecraft:soul_soil":3,"minecraft:iron_axe":1,"minecraft:iron_leggings":3,"minecraft:netherite_ingot":3,"minecraft:iron_shovel":1,"minecraft:blackstone":141,"minecraft:gold_nugget":5,"minecraft:cobbled_deepslate":64,"minecraft:beef":5,"minecraft:iron_pickaxe":4,"minecraft:birch_sapling":3,"minecraft:furnace":13,"minecraft:iron_boots":4,"minecraft:egg":2,"minecraft:golden_helmet":1,"minecraft:stick":100,"minecraft:raw_iron":107,"minecraft:torch":53,"minecraft:porkchop":35,"minecraft:polished_blackstone_bricks":79,"minecraft:golden_axe":1,"minecraft:music_disc_pigstep":2,"minecraft:stone_sword":2,"minecraft:arrow":68,"minecraft:rotten_flesh":53,"minecraft:diamond_boots":1,"minecraft:saddle":2,"minecraft:blaze_rod":2,"minecraft:glow_berries":6,"minecraft:obsidian":11,"minecraft:mutton":2,"minecraft:bone_block":30,"minecraft:white_wool":5,"minecraft:cobblestone":326,"minecraft:birch_log":11,"minecraft:feather":4,"minecraft:basalt":2,"minecraft:golden_carrot":4,"minecraft:crimson_stem":4,"minecraft:andesite":9,"minecraft:leather":11,"minecraft:birch_planks":121,"minecraft:flint":4,"minecraft:tuff":1,"minecraft:oak_log":25,"minecraft:ancient_debris":1,"minecraft:yellow_bed":21,"minecraft:nether_wart_block":1,"minecraft:gunpowder":6,"minecraft:lapis_lazuli":33,"minecraft:dirt":142,"minecraft:cooked_mutton":3,"minecraft:bone":5,"minecraft:raw_gold":14,"minecraft:iron_ingot":31,"minecraft:cooked_chicken":7,"minecraft:oak_planks":1,"minecraft:iron_sword":3,"minecraft:ghast_tear":2,"minecraft:oak_slab":1,"minecraft:chiseled_polished_blackstone":2,"minecraft:cooked_porkchop":4,"minecraft:quartz":11,"minecraft:gravel":15,"minecraft:white_bed":1,"minecraft:grass_block":2,"minecraft:spider_eye":1,"minecraft:crying_obsidian":5,"minecraft:diamond_shovel":3,"minecraft:pumpkin_seeds":8,"minecraft:diamond":33,"minecraft:cracked_polished_blackstone_bricks":50,"minecraft:iron_helmet":5,"minecraft:granite":1,"minecraft:crossbow":2,"minecraft:diamond_axe":1,"minecraft:bone_meal":7,"minecraft:golden_apple":7,"minecraft:bread":21,"minecraft:netherrack":223,"minecraft:coal":312,"minecraft:ender_pearl":2},"minecraft:dropped":{"minecraft:golden_boots":1,"minecraft:oak_slab":1,"minecraft:golden_helmet":1,"minecraft:diamond":5,"minecraft:diamond_leggings":1,"minecraft:feather":4,"minecraft:golden_axe":1,"minecraft:iron_helmet":2,"minecraft:granite":1,"minecraft:golden_apple":2,"minecraft:flint":2,"minecraft:dirt":13,"minecraft:diorite":6,"minecraft:golden_carrot":6,"minecraft:gold_nugget":1,"minecraft:oak_stairs":2,"minecraft:wooden_sword":1,"minecraft:iron_axe":1,"minecraft:polished_blackstone_bricks":1,"minecraft:iron_pickaxe":1,"minecraft:string":341,"minecraft:white_wool":1,"minecraft:gravel":15,"minecraft:chiseled_polished_blackstone":2,"minecraft:stone_axe":1,"minecraft:soul_soil":2,"minecraft:cooked_chicken":2,"minecraft:stone_sword":2,"minecraft:cobbled_deepslate":12,"minecraft:obsidian":21,"minecraft:rotten_flesh":31,"minecraft:oak_planks":1,"minecraft:iron_boots":2,"minecraft:cooked_mutton":1,"minecraft:pumpkin_seeds":4,"minecraft:shield":1,"minecraft:gunpowder":1,"minecraft:andesite":2,"minecraft:yellow_bed":1,"minecraft:golden_sword":3,"minecraft:spider_eye":1,"minecraft:basalt":2,"minecraft:stone_pickaxe":1,"minecraft:raw_gold":1,"minecraft:crying_obsidian":1,"minecraft:quartz":11,"minecraft:netherrack":2},"minecraft:crafted":{"minecraft:wooden_sword":1,"minecraft:oak_planks":12,"minecraft:cooked_chicken":3,"minecraft:furnace":5,"minecraft:cooked_mutton":1,"minecraft:diamond_helmet":1,"minecraft:iron_boots":1,"minecraft:iron_axe":1,"minecraft:stone_pickaxe":1,"minecraft:chest":3,"minecraft:crimson_planks":8,"minecraft:cooked_porkchop":20,"minecraft:diamond_axe":1,"minecraft:crafting_table":2,"minecraft:enchanting_table":1,"minecraft:wooden_pickaxe":1,"minecraft:iron_helmet":1,"minecraft:iron_sword":2,"minecraft:gold_block":1,"minecraft:birch_planks":44,"minecraft:stone_axe":1,"minecraft:bread":1,"minecraft:air":0,"minecraft:white_wool":4,"minecraft:iron_chestplate":2,"minecraft:book":5,"minecraft:paper":15,"minecraft:diamond_pickaxe":1,"minecraft:shield":3,"minecraft:stick":32,"minecraft:iron_ingot":41,"minecraft:iron_pickaxe":3,"minecraft:stone_sword":1,"minecraft:iron_leggings":1,"minecraft:white_bed":1,"minecraft:torch":8,"minecraft:diamond_chestplate":1}},"DataVersion":3337}