{"stats":{"minecraft:broken":{"minecraft:stone_pickaxe":1},"minecraft:used":{"minecraft:stone_sword":16,"minecraft:stone_pickaxe":131,"minecraft:shield":3,"minecraft:wooden_pickaxe":17,"minecraft:cooked_chicken":3,"minecraft:torch":6,"minecraft:dirt":10,"minecraft:crafting_table":4,"minecraft:birch_sapling":3,"minecraft:iron_pickaxe":138,"minecraft:stone_axe":13,"minecraft:wooden_sword":11,"minecraft:cobblestone":1,"minecraft:furnace":6,"minecraft:egg":2},"minecraft:killed_by":{"minecraft:creeper":1},"minecraft:custom":{"minecraft:interact_with_furnace":16,"minecraft:mob_kills":11,"minecraft:interact_with_crafting_table":8,"minecraft:leave_game":1,"minecraft:time_since_death":16082,"minecraft:climb_one_cm":218,"minecraft:time_since_rest":18092,"minecraft:sprint_one_cm":48384,"minecraft:damage_taken":440,"minecraft:walk_one_cm":33439,"minecraft:damage_blocked_by_shield":315,"minecraft:drop":4,"minecraft:damage_dealt":1568,"minecraft:swim_one_cm":327,"minecraft:fly_one_cm":35349,"minecraft:open_chest":2,"minecraft:crouch_one_cm":159,"minecraft:play_time":20411,"minecraft:deaths":1,"minecraft:sneak_time":118,"minecraft:walk_under_water_one_cm":1562,"minecraft:jump":267,"minecraft:walk_on_water_one_cm":549,"minecraft:total_world_time":20411,"minecraft:fall_one_cm":5183},"minecraft:killed":{"minecraft:pig":1,"minecraft:sheep":1,"minecraft:zombie":2,"minecraft:chicken":5,"minecraft:enderman":2},"minecraft:mined":{"minecraft:crafting_table":4,"minecraft:grass_block":6,"minecraft:cobblestone":1,"minecraft:deepslate_gold_ore":1,"minecraft:furnace":6,"minecraft:birch_log":10,"minecraft:iron_ore":28,"minecraft:andesite":9,"minecraft:birch_leaves":2,"minecraft:grass":4,"minecraft:coal_ore":74,"minecraft:deepslate_iron_ore":7,"minecraft:gravel":16,"minecraft:stone":148,"minecraft:deepslate":4,"minecraft:oak_leaves":1},"minecraft:dropped":{"minecraft:feather":4,"minecraft:wooden_sword":1,"minecraft:white_wool":1},"minecraft:picked_up":{"minecraft:birch_log":11,"minecraft:crafting_table":4,"minecraft:feather":4,"minecraft:chicken":5,"minecraft:andesite":9,"minecraft:birch_planks":28,"minecraft:flint":2,"minecraft:dirt":20,"minecraft:cobbled_deepslate":3,"minecraft:raw_gold":1,"minecraft:cooked_chicken":2,"minecraft:birch_sapling":3,"minecraft:egg":2,"minecraft:furnace":6,"minecraft:raw_iron":35,"minecraft:gravel":15,"minecraft:porkchop":3,"minecraft:grass_block":1,"minecraft:mutton":2,"minecraft:coal":93,"minecraft:white_wool":1,"minecraft:cobblestone":149,"minecraft:ender_pearl":1},"minecraft:crafted":{"minecraft:wooden_sword":1,"minecraft:cooked_porkchop":3,"minecraft:crafting_table":1,"minecraft:wooden_pickaxe":1,"minecraft:cooked_chicken":3,"minecraft:furnace":3,"minecraft:birch_planks":44,"minecraft:stone_axe":1,"minecraft:cooked_mutton":1,"minecraft:air":0,"minecraft:shield":1,"minecraft:stick":20,"minecraft:iron_ingot":7,"minecraft:iron_pickaxe":1,"minecraft:stone_pickaxe":1,"minecraft:stone_sword":1,"minecraft:torch":8}},"DataVersion":3337}