{"stats":{"minecraft:broken":{"minecraft:stone_pickaxe":1,"minecraft:shield":1,"minecraft:iron_sword":1,"minecraft:iron_pickaxe":2},"minecraft:used":{"minecraft:stone_sword":68,"minecraft:enchanting_table":1,"minecraft:chest":1,"minecraft:shield":93,"minecraft:iron_sword":250,"minecraft:cooked_chicken":4,"minecraft:iron_chestplate":1,"minecraft:torch":15,"minecraft:dirt":24,"minecraft:anvil":8,"minecraft:obsidian":4,"minecraft:iron_axe":4,"minecraft:birch_sapling":3,"minecraft:iron_helmet":1,"minecraft:iron_boots":2,"minecraft:golden_carrot":15,"minecraft:soul_soil":1,"minecraft:furnace":13,"minecraft:egg":2,"minecraft:enchanted_golden_apple":1,"minecraft:cooked_beef":3,"minecraft:cobbled_deepslate":50,"minecraft:golden_boots":1,"minecraft:cooked_mutton":1,"minecraft:birch_planks":2,"minecraft:oak_planks":1,"minecraft:water_bucket":70,"minecraft:diamond_boots":2,"minecraft:stone_pickaxe":132,"minecraft:blackstone":4,"minecraft:wooden_pickaxe":17,"minecraft:sugar_cane":23,"minecraft:diamond_axe":31,"minecraft:polished_blackstone_bricks":25,"minecraft:white_wool":4,"minecraft:glow_berries":3,"minecraft:crafting_table":8,"minecraft:crossbow":23,"minecraft:white_bed":2,"minecraft:smoker":1,"minecraft:diamond_pickaxe":99,"minecraft:diamond_shovel":166,"minecraft:bread":1,"minecraft:string":2,"minecraft:iron_pickaxe":661,"minecraft:stone_axe":13,"minecraft:diamond_sword":389,"minecraft:wooden_sword":11,"minecraft:cobblestone":1,"minecraft:cooked_porkchop":19,"minecraft:bucket":70,"minecraft:yellow_bed":20},"minecraft:killed_by":{"minecraft:piglin_brute":3,"minecraft:creeper":1,"minecraft:piglin":1,"minecraft:skeleton":1},"minecraft:custom":{"minecraft:mob_kills":148,"minecraft:inspect_hopper":2,"minecraft:interact_with_crafting_table":37,"minecraft:leave_game":7,"minecraft:time_since_death":110420,"minecraft:climb_one_cm":2350,"minecraft:damage_resisted":47,"minecraft:sprint_one_cm":390735,"minecraft:walk_one_cm":277260,"minecraft:damage_blocked_by_shield":6176,"minecraft:drop":120,"minecraft:talked_to_villager":2,"minecraft:play_time":176853,"minecraft:sneak_time":8021,"minecraft:deaths":6,"minecraft:walk_under_water_one_cm":7569,"minecraft:jump":2209,"minecraft:walk_on_water_one_cm":7606,"minecraft:total_world_time":176853,"minecraft:interact_with_furnace":71,"minecraft:sleep_in_bed":20,"minecraft:time_since_rest":9597,"minecraft:damage_taken":5235,"minecraft:damage_absorbed":106,"minecraft:damage_dealt":32224,"minecraft:swim_one_cm":14453,"minecraft:fly_one_cm":2707759,"minecraft:open_chest":136,"minecraft:crouch_one_cm":14972,"minecraft:interact_with_smoker":13,"minecraft:fall_one_cm":93458},"minecraft:killed":{"minecraft:zombified_piglin":3,"minecraft:spider":8,"minecraft:skeleton":6,"minecraft:chicken":5,"minecraft:piglin_brute":21,"minecraft:magma_cube":8,"minecraft:piglin":21,"minecraft:pig":1,"minecraft:iron_golem":1,"minecraft:bat":1,"minecraft:hoglin":13,"minecraft:creeper":1,"minecraft:sheep":1,"minecraft:zombie":38,"minecraft:ghast":2,"minecraft:blaze":3,"minecraft:enderman":3,"minecraft:cow":3},"minecraft:mined":{"minecraft:deepslate_diamond_ore":34,"minecraft:granite":1,"minecraft:obsidian":1,"minecraft:chiseled_polished_blackstone":2,"minecraft:grass_block":31,"minecraft:cracked_polished_blackstone_bricks":41,"minecraft:crimson_stem":6,"minecraft:spawner":1,"minecraft:polished_blackstone_bricks":80,"minecraft:furnace":11,"minecraft:iron_ore":57,"minecraft:fire":2,"minecraft:andesite":9,"minecraft:anvil":7,"minecraft:deepslate_lapis_ore":5,"minecraft:gold_block":60,"minecraft:deepslate_iron_ore":12,"minecraft:dirt_path":11,"minecraft:stone":218,"minecraft:white_wool":3,"minecraft:tripwire":2,"minecraft:glass_pane":2,"minecraft:blackstone":79,"minecraft:crimson_nylium":1,"minecraft:smoker":1,"minecraft:basalt":2,"minecraft:crafting_table":6,"minecraft:torch":2,"minecraft:chest":1,"minecraft:tall_grass":3,"minecraft:cobblestone":2,"minecraft:deepslate_gold_ore":13,"minecraft:sugar_cane":12,"minecraft:diorite":12,"minecraft:birch_log":10,"minecraft:birch_leaves":2,"minecraft:yellow_bed":6,"minecraft:grass":8,"minecraft:coal_ore":74,"minecraft:oak_log":25,"minecraft:sand":117,"minecraft:gravel":16,"minecraft:dirt":38,"minecraft:netherrack":78,"minecraft:oak_leaves":1,"minecraft:deepslate":73},"minecraft:picked_up":{"minecraft:iron_chestplate":2,"minecraft:crafting_table":12,"minecraft:chicken":5,"minecraft:anvil":8,"minecraft:oak_stairs":2,"minecraft:gold_block":60,"minecraft:golden_sword":3,"minecraft:shield":3,"minecraft:raw_copper":2,"minecraft:string":2154,"minecraft:soul_soil":3,"minecraft:iron_axe":1,"minecraft:iron_leggings":3,"minecraft:netherite_ingot":3,"minecraft:iron_shovel":1,"minecraft:blackstone":141,"minecraft:gold_nugget":6,"minecraft:cobbled_deepslate":84,"minecraft:beef":7,"minecraft:poppy":1,"minecraft:iron_pickaxe":4,"minecraft:sugar_cane":26,"minecraft:birch_sapling":3,"minecraft:egg":2,"minecraft:iron_boots":4,"minecraft:furnace":13,"minecraft:golden_helmet":1,"minecraft:raw_iron":112,"minecraft:stick":100,"minecraft:torch":55,"minecraft:porkchop":38,"minecraft:polished_blackstone_bricks":79,"minecraft:golden_axe":1,"minecraft:music_disc_pigstep":2,"minecraft:diorite":12,"minecraft:stone_sword":2,"minecraft:arrow":70,"minecraft:rotten_flesh":60,"minecraft:diamond_boots":1,"minecraft:saddle":2,"minecraft:blaze_rod":2,"minecraft:mutton":2,"minecraft:glow_berries":6,"minecraft:obsidian":12,"minecraft:bone_block":30,"minecraft:white_wool":5,"minecraft:cobblestone":387,"minecraft:birch_log":11,"minecraft:feather":4,"minecraft:basalt":2,"minecraft:golden_carrot":4,"minecraft:crimson_stem":4,"minecraft:andesite":9,"minecraft:leather":11,"minecraft:smoker":2,"minecraft:birch_planks":121,"minecraft:flint":4,"minecraft:crimson_fungus":3,"minecraft:tuff":1,"minecraft:oak_log":25,"minecraft:ancient_debris":1,"minecraft:yellow_bed":21,"minecraft:nether_wart_block":1,"minecraft:gunpowder":6,"minecraft:lapis_lazuli":33,"minecraft:dirt":163,"minecraft:cooked_mutton":3,"minecraft:bone":5,"minecraft:raw_gold":14,"minecraft:iron_ingot":31,"minecraft:cooked_chicken":7,"minecraft:oak_planks":1,"minecraft:iron_sword":3,"minecraft:ghast_tear":2,"minecraft:oak_slab":2,"minecraft:chiseled_polished_blackstone":2,"minecraft:cooked_porkchop":4,"minecraft:sand":82,"minecraft:quartz":11,"minecraft:gravel":15,"minecraft:white_bed":2,"minecraft:grass_block":2,"minecraft:crying_obsidian":5,"minecraft:spider_eye":2,"minecraft:diamond_shovel":3,"minecraft:pumpkin_seeds":8,"minecraft:diamond":33,"minecraft:iron_helmet":5,"minecraft:diamond_axe":1,"minecraft:cracked_polished_blackstone_bricks":50,"minecraft:crossbow":2,"minecraft:granite":1,"minecraft:bone_meal":7,"minecraft:golden_apple":7,"minecraft:bread":21,"minecraft:netherrack":223,"minecraft:coal":312,"minecraft:crimson_roots":7,"minecraft:ender_pearl":2},"minecraft:dropped":{"minecraft:golden_boots":1,"minecraft:oak_slab":2,"minecraft:golden_helmet":1,"minecraft:oak_log":5,"minecraft:diamond":5,"minecraft:cooked_porkchop":1,"minecraft:diamond_leggings":1,"minecraft:iron_helmet":2,"minecraft:golden_axe":1,"minecraft:feather":4,"minecraft:granite":1,"minecraft:golden_apple":2,"minecraft:flint":2,"minecraft:dirt":14,"minecraft:diorite":18,"minecraft:golden_carrot":6,"minecraft:crimson_roots":7,"minecraft:wooden_sword":1,"minecraft:oak_stairs":2,"minecraft:gold_nugget":2,"minecraft:iron_axe":1,"minecraft:polished_blackstone_bricks":1,"minecraft:iron_pickaxe":1,"minecraft:string":342,"minecraft:white_wool":1,"minecraft:gravel":15,"minecraft:chiseled_polished_blackstone":2,"minecraft:stone_axe":1,"minecraft:soul_soil":2,"minecraft:cooked_chicken":2,"minecraft:stone_sword":2,"minecraft:cobbled_deepslate":13,"minecraft:raw_iron":2,"minecraft:obsidian":21,"minecraft:rotten_flesh":38,"minecraft:iron_boots":2,"minecraft:oak_planks":1,"minecraft:name_tag":2,"minecraft:cooked_mutton":1,"minecraft:pumpkin_seeds":4,"minecraft:poppy":1,"minecraft:shield":1,"minecraft:gunpowder":1,"minecraft:andesite":2,"minecraft:yellow_bed":1,"minecraft:golden_sword":3,"minecraft:spider_eye":2,"minecraft:basalt":2,"minecraft:stone_pickaxe":1,"minecraft:raw_gold":1,"minecraft:crying_obsidian":1,"minecraft:quartz":11,"minecraft:netherrack":2},"minecraft:crafted":{"minecraft:wooden_sword":1,"minecraft:oak_planks":12,"minecraft:cooked_chicken":3,"minecraft:furnace":5,"minecraft:bone_meal":15,"minecraft:cooked_mutton":1,"minecraft:diamond_helmet":1,"minecraft:iron_boots":1,"minecraft:iron_axe":1,"minecraft:stone_pickaxe":1,"minecraft:chest":3,"minecraft:cooked_beef":5,"minecraft:crimson_planks":8,"minecraft:cooked_porkchop":24,"minecraft:diamond_axe":1,"minecraft:crafting_table":2,"minecraft:enchanting_table":1,"minecraft:wooden_pickaxe":1,"minecraft:iron_helmet":1,"minecraft:iron_sword":2,"minecraft:gold_block":1,"minecraft:bucket":1,"minecraft:birch_planks":44,"minecraft:stone_axe":1,"minecraft:bread":1,"minecraft:air":0,"minecraft:iron_chestplate":2,"minecraft:white_wool":4,"minecraft:book":5,"minecraft:paper":15,"minecraft:diamond_pickaxe":1,"minecraft:shield":3,"minecraft:stick":32,"minecraft:iron_ingot":44,"minecraft:iron_pickaxe":3,"minecraft:stone_sword":1,"minecraft:iron_leggings":1,"minecraft:white_bed":1,"minecraft:torch":16,"minecraft:diamond_chestplate":1}},"DataVersion":3337}