{"stats":{"minecraft:broken":{"minecraft:stone_pickaxe":1},"minecraft:used":{"minecraft:cooked_mutton":4,"minecraft:water_bucket":12,"minecraft:stone_sword":68,"minecraft:flint_and_steel":15,"minecraft:birch_planks":27,"minecraft:stone_pickaxe":131,"minecraft:stone_shovel":1,"minecraft:oak_planks":9,"minecraft:wooden_pickaxe":3,"minecraft:birch_boat":3,"minecraft:stone_hoe":11,"minecraft:netherrack":7,"minecraft:dirt":1,"minecraft:crafting_table":6,"minecraft:white_bed":1,"minecraft:lava_bucket":12,"minecraft:golden_leggings":1,"minecraft:stone_axe":59,"minecraft:birch_trapdoor":5,"minecraft:cobblestone":6,"minecraft:cooked_porkchop":1,"minecraft:bucket":25},"minecraft:custom":{"minecraft:mob_kills":13,"minecraft:interact_with_crafting_table":14,"minecraft:time_since_death":21115,"minecraft:sleep_in_bed":2,"minecraft:time_since_rest":4269,"minecraft:sprint_one_cm":65931,"minecraft:damage_taken":164,"minecraft:walk_one_cm":24741,"minecraft:drop":11,"minecraft:damage_dealt":1981,"minecraft:swim_one_cm":2999,"minecraft:fly_one_cm":85094,"minecraft:open_chest":1,"minecraft:crouch_one_cm":1346,"minecraft:play_time":21115,"minecraft:sneak_time":805,"minecraft:walk_under_water_one_cm":1727,"minecraft:boat_one_cm":58707,"minecraft:jump":525,"minecraft:walk_on_water_one_cm":2541,"minecraft:total_world_time":21115,"minecraft:fall_one_cm":16047},"minecraft:killed":{"minecraft:pig":6,"minecraft:iron_golem":1,"minecraft:sheep":4,"minecraft:zombie":1},"minecraft:mined":{"minecraft:nether_gold_ore":2,"minecraft:white_bed":1,"minecraft:crafting_table":2,"minecraft:grass_block":1,"minecraft:cobblestone":2,"minecraft:oak_planks":2,"minecraft:wall_torch":1,"minecraft:hay_block":11,"minecraft:birch_planks":1,"minecraft:birch_log":30,"minecraft:fire":15,"minecraft:birch_trapdoor":2,"minecraft:birch_leaves":6,"minecraft:grass":25,"minecraft:oak_log":1,"minecraft:dirt":3,"minecraft:stripped_oak_log":16,"minecraft:stone":17,"minecraft:netherrack":112},"minecraft:dropped":{"minecraft:birch_planks":7,"minecraft:wheat_seeds":4,"minecraft:oak_planks":1,"minecraft:poppy":2,"minecraft:wooden_pickaxe":1},"minecraft:picked_up":{"minecraft:stripped_oak_log":16,"minecraft:birch_log":30,"minecraft:crafting_table":2,"minecraft:birch_planks":8,"minecraft:oak_log":1,"minecraft:dirt":3,"minecraft:cooked_mutton":4,"minecraft:wheat_seeds":4,"minecraft:gold_nugget":7,"minecraft:iron_ingot":4,"minecraft:poppy":2,"minecraft:oak_planks":2,"minecraft:stick":2,"minecraft:cooked_porkchop":16,"minecraft:birch_boat":3,"minecraft:birch_trapdoor":2,"minecraft:torch":1,"minecraft:white_bed":1,"minecraft:hay_block":10,"minecraft:netherrack":102,"minecraft:cobblestone":17,"minecraft:white_wool":4},"minecraft:crafted":{"minecraft:oak_planks":68,"minecraft:stone_shovel":1,"minecraft:crafting_table":4,"minecraft:wooden_pickaxe":1,"minecraft:birch_boat":1,"minecraft:bucket":1,"minecraft:birch_planks":120,"minecraft:stone_axe":1,"minecraft:bread":30,"minecraft:shield":1,"minecraft:stick":68,"minecraft:stone_pickaxe":1,"minecraft:birch_trapdoor":4,"minecraft:stone_sword":1,"minecraft:white_bed":1,"minecraft:stone_hoe":1,"minecraft:wheat":90}},"DataVersion":3337}