{"stats":{"minecraft:broken":{"minecraft:stone_pickaxe":1,"minecraft:golden_pickaxe":1},"minecraft:used":{"minecraft:cooked_mutton":4,"minecraft:water_bucket":13,"minecraft:stone_sword":69,"minecraft:flint_and_steel":35,"minecraft:birch_planks":27,"minecraft:stone_pickaxe":131,"minecraft:stone_shovel":1,"minecraft:oak_planks":9,"minecraft:wooden_pickaxe":15,"minecraft:birch_boat":4,"minecraft:iron_sword":3,"minecraft:stone_hoe":11,"minecraft:netherrack":42,"minecraft:dirt":1,"minecraft:crafting_table":6,"minecraft:white_bed":1,"minecraft:lava_bucket":12,"minecraft:string":1,"minecraft:golden_leggings":1,"minecraft:stone_axe":61,"minecraft:birch_trapdoor":6,"minecraft:cobblestone":6,"minecraft:cooked_porkchop":3,"minecraft:bucket":26,"minecraft:pumpkin_pie":1,"minecraft:golden_pickaxe":32},"minecraft:custom":{"minecraft:interact_with_furnace":2,"minecraft:mob_kills":14,"minecraft:inspect_hopper":2,"minecraft:traded_with_villager":108,"minecraft:interact_with_crafting_table":16,"minecraft:time_since_death":33115,"minecraft:sleep_in_bed":2,"minecraft:climb_one_cm":365,"minecraft:time_since_rest":16269,"minecraft:sprint_one_cm":112227,"minecraft:damage_taken":284,"minecraft:walk_one_cm":43205,"minecraft:drop":62,"minecraft:damage_dealt":2178,"minecraft:swim_one_cm":2999,"minecraft:talked_to_villager":24,"minecraft:fly_one_cm":133450,"minecraft:open_chest":19,"minecraft:crouch_one_cm":2241,"minecraft:play_time":33115,"minecraft:sneak_time":1157,"minecraft:walk_under_water_one_cm":1727,"minecraft:boat_one_cm":60032,"minecraft:jump":796,"minecraft:walk_on_water_one_cm":3123,"minecraft:total_world_time":33115,"minecraft:fall_one_cm":23517},"minecraft:killed":{"minecraft:piglin":1,"minecraft:pig":6,"minecraft:iron_golem":2,"minecraft:sheep":4,"minecraft:zombie":1},"minecraft:mined":{"minecraft:nether_gold_ore":2,"minecraft:white_bed":1,"minecraft:crafting_table":3,"minecraft:grass_block":1,"minecraft:crimson_roots":1,"minecraft:cobblestone":2,"minecraft:oak_planks":2,"minecraft:wall_torch":1,"minecraft:hay_block":11,"minecraft:birch_planks":1,"minecraft:birch_log":30,"minecraft:fire":28,"minecraft:birch_trapdoor":3,"minecraft:birch_leaves":6,"minecraft:grass":25,"minecraft:oak_log":1,"minecraft:dirt":3,"minecraft:stripped_oak_log":16,"minecraft:stone":17,"minecraft:netherrack":156,"minecraft:tripwire":1},"minecraft:dropped":{"minecraft:iron_ingot":4,"minecraft:bread":30,"minecraft:chiseled_polished_blackstone":2,"minecraft:stone_axe":1,"minecraft:blackstone":12,"minecraft:birch_planks":7,"minecraft:wheat_seeds":6,"minecraft:cooked_porkchop":1,"minecraft:obsidian":1,"minecraft:iron_boots":2,"minecraft:oak_planks":48,"minecraft:emerald":28,"minecraft:poppy":6,"minecraft:birch_trapdoor":1,"minecraft:crimson_roots":4,"minecraft:gold_nugget":7,"minecraft:polished_blackstone_bricks":1,"minecraft:wooden_pickaxe":1,"minecraft:string":207,"minecraft:stone_hoe":1},"minecraft:picked_up":{"minecraft:stripped_oak_log":16,"minecraft:birch_log":30,"minecraft:crafting_table":4,"minecraft:birch_planks":8,"minecraft:oak_log":1,"minecraft:string":1138,"minecraft:dirt":3,"minecraft:cooked_mutton":4,"minecraft:wheat_seeds":8,"minecraft:gold_nugget":7,"minecraft:iron_ingot":11,"minecraft:poppy":6,"minecraft:oak_planks":2,"minecraft:iron_boots":2,"minecraft:stick":4,"minecraft:chiseled_polished_blackstone":2,"minecraft:cooked_porkchop":17,"minecraft:birch_boat":4,"minecraft:birch_trapdoor":3,"minecraft:torch":1,"minecraft:polished_blackstone_bricks":1,"minecraft:white_bed":1,"minecraft:rotten_flesh":70,"minecraft:hay_block":10,"minecraft:netherrack":143,"minecraft:crimson_roots":4,"minecraft:cobblestone":17,"minecraft:white_wool":4},"minecraft:crafted":{"minecraft:oak_planks":68,"minecraft:stone_shovel":1,"minecraft:emerald":95,"minecraft:crafting_table":4,"minecraft:wooden_pickaxe":2,"minecraft:birch_boat":1,"minecraft:bucket":1,"minecraft:birch_planks":120,"minecraft:stone_axe":3,"minecraft:bread":30,"minecraft:air":0,"minecraft:white_wool":104,"minecraft:shield":2,"minecraft:iron_axe":1,"minecraft:stick":68,"minecraft:stone_pickaxe":2,"minecraft:birch_trapdoor":4,"minecraft:stone_sword":1,"minecraft:white_bed":1,"minecraft:pumpkin_pie":48,"minecraft:stone_hoe":1,"minecraft:wheat":90}},"DataVersion":3337}