{"stats":{"minecraft:used":{"minecraft:cooked_mutton":1,"minecraft:stone_sword":10,"minecraft:flint_and_steel":6,"minecraft:birch_planks":3,"minecraft:stone_shovel":1,"minecraft:stone_pickaxe":8,"minecraft:oak_planks":1,"minecraft:birch_boat":3,"minecraft:wooden_pickaxe":3,"minecraft:golden_leggings":1,"minecraft:stone_axe":35,"minecraft:birch_trapdoor":2,"minecraft:dirt":1,"minecraft:crafting_table":2},"minecraft:custom":{"minecraft:time_since_rest":9115,"minecraft:sprint_one_cm":19567,"minecraft:damage_taken":84,"minecraft:walk_one_cm":5428,"minecraft:mob_kills":4,"minecraft:drop":5,"minecraft:damage_dealt":397,"minecraft:swim_one_cm":2891,"minecraft:interact_with_crafting_table":8,"minecraft:fly_one_cm":31504,"minecraft:open_chest":1,"minecraft:crouch_one_cm":51,"minecraft:play_time":9115,"minecraft:sneak_time":27,"minecraft:walk_under_water_one_cm":1520,"minecraft:boat_one_cm":58707,"minecraft:jump":173,"minecraft:walk_on_water_one_cm":1034,"minecraft:time_since_death":9115,"minecraft:total_world_time":9115,"minecraft:fall_one_cm":4501},"minecraft:killed":{"minecraft:sheep":3,"minecraft:zombie":1},"minecraft:mined":{"minecraft:birch_log":30,"minecraft:fire":4,"minecraft:birch_leaves":6,"minecraft:crafting_table":1,"minecraft:grass":3,"minecraft:oak_log":1,"minecraft:grass_block":1,"minecraft:stone":11},"minecraft:dropped":{"minecraft:birch_planks":7,"minecraft:oak_planks":1,"minecraft:wooden_pickaxe":1},"minecraft:picked_up":{"minecraft:birch_log":30,"minecraft:stick":2,"minecraft:crafting_table":1,"minecraft:birch_boat":3,"minecraft:birch_planks":7,"minecraft:oak_log":1,"minecraft:dirt":1,"minecraft:cooked_mutton":3,"minecraft:oak_planks":1,"minecraft:white_wool":2,"minecraft:cobblestone":11},"minecraft:crafted":{"minecraft:oak_planks":4,"minecraft:stone_shovel":1,"minecraft:crafting_table":3,"minecraft:stick":68,"minecraft:birch_boat":1,"minecraft:wooden_pickaxe":1,"minecraft:stone_pickaxe":1,"minecraft:birch_trapdoor":2,"minecraft:stone_sword":1,"minecraft:birch_planks":120,"minecraft:stone_axe":1}},"DataVersion":3337}