{"stats":{"minecraft:used":{"minecraft:apple":3,"minecraft:stone_sword":6,"minecraft:birch_planks":15,"minecraft:oak_planks":3,"minecraft:birch_boat":5,"minecraft:golden_leggings":1,"minecraft:stone_axe":1,"minecraft:golden_sword":6,"minecraft:dirt":7,"minecraft:crafting_table":2,"minecraft:cooked_porkchop":1,"minecraft:oak_boat":1},"minecraft:killed":{"minecraft:pig":1,"minecraft:chicken":1,"minecraft:cow":1},"minecraft:killed_by":{"minecraft:creeper":1,"minecraft:enderman":1},"minecraft:picked_up":{"minecraft:birch_log":12,"minecraft:cooked_beef":3,"minecraft:cooked_porkchop":1,"minecraft:stick":1,"minecraft:crafting_table":3,"minecraft:chicken":1,"minecraft:birch_boat":5,"minecraft:leather":1,"minecraft:oak_log":5,"minecraft:dirt":21,"minecraft:kelp":32,"minecraft:stone_pickaxe":2,"minecraft:oak_boat":1,"minecraft:oak_sapling":1},"minecraft:custom":{"minecraft:time_since_rest":11791,"minecraft:sprint_one_cm":69102,"minecraft:damage_taken":1072,"minecraft:walk_one_cm":21750,"minecraft:mob_kills":3,"minecraft:drop":33,"minecraft:damage_dealt":509,"minecraft:swim_one_cm":5089,"minecraft:interact_with_crafting_table":7,"minecraft:fly_one_cm":118294,"minecraft:open_chest":11,"minecraft:crouch_one_cm":7953,"minecraft:play_time":25022,"minecraft:deaths":2,"minecraft:sneak_time":3241,"minecraft:walk_under_water_one_cm":3315,"minecraft:boat_one_cm":228192,"minecraft:jump":586,"minecraft:leave_game":2,"minecraft:walk_on_water_one_cm":3060,"minecraft:time_since_death":11766,"minecraft:total_world_time":25022,"minecraft:fall_one_cm":15061},"minecraft:dropped":{"minecraft:kelp":32,"minecraft:leather":1},"minecraft:crafted":{"minecraft:oak_boat":1,"minecraft:oak_planks":260,"minecraft:iron_boots":1,"minecraft:iron_chestplate":1,"minecraft:shield":1,"minecraft:crafting_table":2,"minecraft:stick":20,"minecraft:iron_helmet":1,"minecraft:birch_boat":2,"minecraft:birch_planks":48},"minecraft:mined":{"minecraft:tall_seagrass":1,"minecraft:kelp_plant":9,"minecraft:birch_log":12,"minecraft:birch_leaves":2,"minecraft:crafting_table":3,"minecraft:grass":44,"minecraft:grass_block":2,"minecraft:oak_log":5,"minecraft:tall_grass":4,"minecraft:kelp":17}},"DataVersion":3337}