{"stats":{"minecraft:used":{"minecraft:stone_sword":3,"minecraft:birch_planks":15,"minecraft:birch_boat":4,"minecraft:golden_leggings":1,"minecraft:stone_axe":1,"minecraft:dirt":7,"minecraft:crafting_table":2,"minecraft:oak_boat":1},"minecraft:killed_by":{"minecraft:creeper":1,"minecraft:enderman":1},"minecraft:picked_up":{"minecraft:birch_log":12,"minecraft:stick":1,"minecraft:crafting_table":3,"minecraft:birch_boat":4,"minecraft:oak_log":5,"minecraft:dirt":21,"minecraft:kelp":32,"minecraft:oak_boat":1,"minecraft:oak_sapling":1},"minecraft:custom":{"minecraft:time_since_rest":6215,"minecraft:sprint_one_cm":61584,"minecraft:damage_taken":1000,"minecraft:walk_one_cm":13345,"minecraft:drop":32,"minecraft:damage_dealt":171,"minecraft:swim_one_cm":5089,"minecraft:interact_with_crafting_table":4,"minecraft:fly_one_cm":102113,"minecraft:open_chest":2,"minecraft:crouch_one_cm":1294,"minecraft:play_time":19446,"minecraft:deaths":2,"minecraft:sneak_time":1067,"minecraft:walk_under_water_one_cm":3315,"minecraft:boat_one_cm":228192,"minecraft:jump":516,"minecraft:leave_game":1,"minecraft:walk_on_water_one_cm":3060,"minecraft:time_since_death":6190,"minecraft:total_world_time":19446,"minecraft:fall_one_cm":12317},"minecraft:dropped":{"minecraft:kelp":32},"minecraft:crafted":{"minecraft:oak_boat":1,"minecraft:oak_planks":20,"minecraft:crafting_table":2,"minecraft:stick":20,"minecraft:birch_boat":2,"minecraft:birch_planks":48},"minecraft:mined":{"minecraft:tall_seagrass":1,"minecraft:kelp_plant":9,"minecraft:birch_log":12,"minecraft:birch_leaves":2,"minecraft:crafting_table":3,"minecraft:grass":23,"minecraft:grass_block":2,"minecraft:oak_log":5,"minecraft:tall_grass":2,"minecraft:kelp":17}},"DataVersion":3337}