{"stats":{"minecraft:used":{"minecraft:stone_shovel":119,"minecraft:stone_pickaxe":18,"minecraft:birch_boat":8,"minecraft:wooden_pickaxe":6,"minecraft:iron_sword":6,"minecraft:orange_bed":3,"minecraft:crafting_table":7,"minecraft:white_bed":2,"minecraft:wooden_axe":39,"minecraft:bread":16,"minecraft:stone_axe":12,"minecraft:cobblestone":4,"minecraft:hay_block":6,"minecraft:porkchop":5},"minecraft:killed":{"minecraft:pig":3,"minecraft:spider":1,"minecraft:iron_golem":1,"minecraft:zombie":2},"minecraft:picked_up":{"minecraft:wooden_axe":2,"minecraft:birch_log":6,"minecraft:crafting_table":4,"minecraft:iron_chestplate":1,"minecraft:wheat":52,"minecraft:orange_carpet":2,"minecraft:wooden_pickaxe":2,"minecraft:acacia_wood":1,"minecraft:oak_log":4,"minecraft:map":1,"minecraft:dirt":118,"minecraft:string":1,"minecraft:red_bed":1,"minecraft:raw_copper":3,"minecraft:white_carpet":2,"minecraft:apple":2,"minecraft:wheat_seeds":11,"minecraft:iron_ingot":5,"minecraft:stone_pickaxe":1,"minecraft:sugar_cane":12,"minecraft:iron_sword":2,"minecraft:book":25,"minecraft:raw_iron":1,"minecraft:birch_boat":10,"minecraft:acacia_log":2,"minecraft:porkchop":9,"minecraft:white_bed":3,"minecraft:orange_bed":3,"minecraft:rotten_flesh":10,"minecraft:stone_axe":1,"minecraft:hay_block":30,"minecraft:bread":9,"minecraft:melon_seeds":2,"minecraft:cobblestone":16},"minecraft:custom":{"minecraft:mob_kills":7,"minecraft:interact_with_crafting_table":14,"minecraft:interact_with_grindstone":2,"minecraft:time_since_death":47446,"minecraft:sleep_in_bed":3,"minecraft:time_since_rest":4768,"minecraft:sprint_one_cm":104626,"minecraft:damage_taken":703,"minecraft:walk_one_cm":38414,"minecraft:drop":29,"minecraft:damage_dealt":1745,"minecraft:swim_one_cm":7825,"minecraft:talked_to_villager":1,"minecraft:fly_one_cm":203904,"minecraft:open_chest":23,"minecraft:crouch_one_cm":12271,"minecraft:play_time":47446,"minecraft:sneak_time":3364,"minecraft:walk_under_water_one_cm":3831,"minecraft:boat_one_cm":642182,"minecraft:jump":1018,"minecraft:walk_on_water_one_cm":11799,"minecraft:total_world_time":47446,"minecraft:fall_one_cm":28090},"minecraft:broken":{"minecraft:wooden_axe":1},"minecraft:dropped":{"minecraft:iron_ingot":5,"minecraft:iron_sword":2,"minecraft:stone_axe":1,"minecraft:acacia_wood":1,"minecraft:sugar_cane":12,"minecraft:birch_planks":1,"minecraft:raw_copper":3,"minecraft:wheat":104,"minecraft:raw_iron":1,"minecraft:white_carpet":2,"minecraft:cobblestone":2,"minecraft:rotten_flesh":5,"minecraft:book":25,"minecraft:apple":2,"minecraft:white_bed":1,"minecraft:acacia_log":2,"minecraft:red_bed":1,"minecraft:orange_carpet":2,"minecraft:iron_chestplate":1,"minecraft:wooden_axe":1,"minecraft:melon_seeds":1,"minecraft:map":1,"minecraft:birch_boat":2,"minecraft:wooden_pickaxe":2,"minecraft:stone_pickaxe":1},"minecraft:mined":{"minecraft:white_bed":3,"minecraft:oak_fence":1,"minecraft:crafting_table":4,"minecraft:grass_block":48,"minecraft:cobblestone":1,"minecraft:tall_grass":3,"minecraft:sugar_cane":3,"minecraft:hay_block":29,"minecraft:birch_log":6,"minecraft:wheat":1,"minecraft:grass":5,"minecraft:oak_log":4,"minecraft:dirt_path":23,"minecraft:dirt":57,"minecraft:stone":17,"minecraft:oak_leaves":2,"minecraft:orange_bed":3},"minecraft:crafted":{"minecraft:oak_planks":16,"minecraft:stone_shovel":1,"minecraft:crafting_table":3,"minecraft:birch_boat":1,"minecraft:wooden_pickaxe":1,"minecraft:birch_planks":24,"minecraft:stone_axe":1,"minecraft:bread":12,"minecraft:stick":16,"minecraft:stone_pickaxe":1,"minecraft:wooden_axe":1,"minecraft:wheat":216}},"DataVersion":3337}