{"stats":{"minecraft:used":{"minecraft:stone_axe":5,"minecraft:wooden_axe":11,"minecraft:crafting_table":5,"minecraft:stone_pickaxe":6,"minecraft:porkchop":5,"minecraft:birch_boat":2,"minecraft:wooden_pickaxe":6},"minecraft:killed":{"minecraft:pig":3},"minecraft:picked_up":{"minecraft:birch_log":6,"minecraft:crafting_table":4,"minecraft:birch_boat":2,"minecraft:porkchop":6,"minecraft:cobblestone":12},"minecraft:custom":{"minecraft:time_since_rest":11446,"minecraft:crouch_one_cm":3694,"minecraft:play_time":11446,"minecraft:sprint_one_cm":23365,"minecraft:damage_taken":133,"minecraft:walk_one_cm":4057,"minecraft:sneak_time":959,"minecraft:walk_under_water_one_cm":716,"minecraft:mob_kills":3,"minecraft:drop":1,"minecraft:boat_one_cm":174056,"minecraft:jump":272,"minecraft:damage_dealt":300,"minecraft:walk_on_water_one_cm":2001,"minecraft:time_since_death":11446,"minecraft:total_world_time":11446,"minecraft:swim_one_cm":1851,"minecraft:fall_one_cm":7994,"minecraft:interact_with_crafting_table":10,"minecraft:fly_one_cm":61725},"minecraft:dropped":{"minecraft:stone_axe":1},"minecraft:crafted":{"minecraft:birch_planks":24,"minecraft:stone_axe":1,"minecraft:crafting_table":2,"minecraft:stick":8,"minecraft:birch_boat":1,"minecraft:wooden_pickaxe":1,"minecraft:stone_pickaxe":1,"minecraft:wooden_axe":1},"minecraft:mined":{"minecraft:grass":2,"minecraft:birch_log":6,"minecraft:tall_grass":2,"minecraft:stone":12,"minecraft:oak_leaves":2,"minecraft:crafting_table":4}},"DataVersion":3337}