{"stats":{"minecraft:used":{"minecraft:stone_shovel":147,"minecraft:stone_pickaxe":206,"minecraft:birch_boat":8,"minecraft:wooden_pickaxe":6,"minecraft:iron_sword":6,"minecraft:orange_bed":3,"minecraft:crafting_table":7,"minecraft:white_bed":2,"minecraft:wooden_axe":39,"minecraft:bread":17,"minecraft:stone_axe":13,"minecraft:cobblestone":5,"minecraft:hay_block":6,"minecraft:porkchop":5},"minecraft:killed":{"minecraft:pig":3,"minecraft:spider":1,"minecraft:iron_golem":1,"minecraft:zombie":2},"minecraft:killed_by":{"minecraft:zombie":1},"minecraft:picked_up":{"minecraft:wooden_axe":2,"minecraft:birch_log":6,"minecraft:crafting_table":4,"minecraft:iron_chestplate":1,"minecraft:wheat":52,"minecraft:orange_carpet":2,"minecraft:wooden_pickaxe":2,"minecraft:acacia_wood":1,"minecraft:oak_log":4,"minecraft:map":1,"minecraft:dirt":176,"minecraft:string":1,"minecraft:red_bed":1,"minecraft:raw_copper":3,"minecraft:white_carpet":2,"minecraft:apple":2,"minecraft:wheat_seeds":11,"minecraft:iron_ingot":5,"minecraft:stone_pickaxe":2,"minecraft:sugar_cane":12,"minecraft:iron_sword":2,"minecraft:book":25,"minecraft:raw_iron":1,"minecraft:birch_boat":10,"minecraft:acacia_log":2,"minecraft:porkchop":9,"minecraft:white_bed":3,"minecraft:orange_bed":3,"minecraft:rotten_flesh":10,"minecraft:beetroot_seeds":1,"minecraft:stone_axe":1,"minecraft:hay_block":30,"minecraft:bread":9,"minecraft:melon_seeds":2,"minecraft:cobblestone":199},"minecraft:custom":{"minecraft:mob_kills":7,"minecraft:interact_with_crafting_table":17,"minecraft:interact_with_grindstone":2,"minecraft:leave_game":1,"minecraft:time_since_death":202,"minecraft:sleep_in_bed":3,"minecraft:time_since_rest":229,"minecraft:sprint_one_cm":142918,"minecraft:damage_taken":958,"minecraft:walk_one_cm":88840,"minecraft:drop":31,"minecraft:damage_dealt":1775,"minecraft:swim_one_cm":7825,"minecraft:talked_to_villager":1,"minecraft:fly_one_cm":222469,"minecraft:open_chest":27,"minecraft:crouch_one_cm":23512,"minecraft:play_time":60826,"minecraft:deaths":1,"minecraft:sneak_time":6394,"minecraft:walk_under_water_one_cm":3831,"minecraft:boat_one_cm":642182,"minecraft:jump":1127,"minecraft:walk_on_water_one_cm":11799,"minecraft:total_world_time":60826,"minecraft:fall_one_cm":28357},"minecraft:broken":{"minecraft:wooden_axe":1},"minecraft:dropped":{"minecraft:iron_ingot":5,"minecraft:iron_sword":2,"minecraft:stone_axe":1,"minecraft:acacia_wood":1,"minecraft:sugar_cane":12,"minecraft:birch_planks":1,"minecraft:raw_copper":3,"minecraft:wheat":104,"minecraft:raw_iron":1,"minecraft:white_carpet":2,"minecraft:cobblestone":2,"minecraft:rotten_flesh":5,"minecraft:book":25,"minecraft:apple":2,"minecraft:white_bed":1,"minecraft:acacia_log":2,"minecraft:dirt":44,"minecraft:red_bed":1,"minecraft:orange_carpet":2,"minecraft:iron_chestplate":1,"minecraft:wooden_axe":1,"minecraft:melon_seeds":1,"minecraft:map":1,"minecraft:birch_boat":2,"minecraft:wooden_pickaxe":2,"minecraft:stone_pickaxe":2},"minecraft:mined":{"minecraft:white_bed":3,"minecraft:oak_fence":1,"minecraft:crafting_table":4,"minecraft:grass_block":49,"minecraft:cobblestone":23,"minecraft:tall_grass":3,"minecraft:sugar_cane":3,"minecraft:hay_block":29,"minecraft:birch_log":6,"minecraft:wheat":1,"minecraft:grass":5,"minecraft:oak_log":4,"minecraft:dirt_path":24,"minecraft:dirt":83,"minecraft:stone":183,"minecraft:oak_leaves":2,"minecraft:orange_bed":3},"minecraft:crafted":{"minecraft:oak_planks":16,"minecraft:stone_shovel":4,"minecraft:crafting_table":3,"minecraft:birch_boat":1,"minecraft:wooden_pickaxe":1,"minecraft:birch_planks":24,"minecraft:stone_axe":1,"minecraft:bread":54,"minecraft:stick":20,"minecraft:stone_pickaxe":3,"minecraft:wooden_axe":1,"minecraft:wheat":216}},"DataVersion":3337}