{"stats":{"minecraft:used":{"minecraft:wooden_axe":37,"minecraft:bread":6,"minecraft:stone_pickaxe":8,"minecraft:wooden_pickaxe":6,"minecraft:birch_boat":4,"minecraft:iron_sword":5,"minecraft:stone_axe":5,"minecraft:cobblestone":4,"minecraft:hay_block":5,"minecraft:crafting_table":6,"minecraft:porkchop":5},"minecraft:killed":{"minecraft:zombie":2,"minecraft:pig":3,"minecraft:iron_golem":1},"minecraft:picked_up":{"minecraft:wooden_axe":1,"minecraft:birch_log":6,"minecraft:raw_iron":1,"minecraft:iron_chestplate":1,"minecraft:crafting_table":4,"minecraft:birch_boat":6,"minecraft:orange_carpet":2,"minecraft:wooden_pickaxe":1,"minecraft:acacia_log":2,"minecraft:acacia_wood":1,"minecraft:porkchop":6,"minecraft:map":1,"minecraft:red_bed":1,"minecraft:raw_copper":3,"minecraft:orange_bed":1,"minecraft:white_carpet":2,"minecraft:apple":2,"minecraft:rotten_flesh":5,"minecraft:stone_axe":1,"minecraft:wheat_seeds":9,"minecraft:iron_ingot":5,"minecraft:hay_block":25,"minecraft:stone_pickaxe":1,"minecraft:bread":9,"minecraft:sugar_cane":12,"minecraft:melon_seeds":1,"minecraft:iron_sword":2,"minecraft:cobblestone":12,"minecraft:book":25},"minecraft:custom":{"minecraft:time_since_rest":23446,"minecraft:sprint_one_cm":48815,"minecraft:walk_one_cm":14165,"minecraft:damage_taken":363,"minecraft:mob_kills":6,"minecraft:drop":2,"minecraft:damage_dealt":1601,"minecraft:swim_one_cm":4396,"minecraft:interact_with_crafting_table":11,"minecraft:fly_one_cm":111412,"minecraft:open_chest":6,"minecraft:crouch_one_cm":6302,"minecraft:play_time":23446,"minecraft:sneak_time":1812,"minecraft:walk_under_water_one_cm":1247,"minecraft:boat_one_cm":355609,"minecraft:jump":546,"minecraft:interact_with_grindstone":2,"minecraft:time_since_death":23446,"minecraft:walk_on_water_one_cm":4136,"minecraft:total_world_time":23446,"minecraft:fall_one_cm":14857},"minecraft:broken":{"minecraft:wooden_axe":1},"minecraft:dropped":{"minecraft:stone_axe":1,"minecraft:birch_boat":1},"minecraft:crafted":{"minecraft:crafting_table":2,"minecraft:stick":8,"minecraft:wooden_pickaxe":1,"minecraft:birch_boat":1,"minecraft:stone_pickaxe":1,"minecraft:wooden_axe":1,"minecraft:birch_planks":24,"minecraft:stone_axe":1,"minecraft:bread":12,"minecraft:wheat":90},"minecraft:mined":{"minecraft:hay_block":26,"minecraft:birch_log":6,"minecraft:wheat":1,"minecraft:crafting_table":4,"minecraft:grass":4,"minecraft:tall_grass":2,"minecraft:stone":12,"minecraft:sugar_cane":3,"minecraft:oak_leaves":2}},"DataVersion":3337}