{"stats":{"minecraft:used":{"minecraft:wooden_axe":37,"minecraft:bread":9,"minecraft:stone_pickaxe":11,"minecraft:wooden_pickaxe":6,"minecraft:birch_boat":7,"minecraft:iron_sword":6,"minecraft:stone_axe":5,"minecraft:cobblestone":4,"minecraft:hay_block":5,"minecraft:crafting_table":6,"minecraft:porkchop":5},"minecraft:killed":{"minecraft:zombie":2,"minecraft:pig":3,"minecraft:iron_golem":1},"minecraft:picked_up":{"minecraft:wooden_axe":1,"minecraft:birch_log":6,"minecraft:raw_iron":1,"minecraft:iron_chestplate":1,"minecraft:crafting_table":4,"minecraft:birch_boat":9,"minecraft:orange_carpet":2,"minecraft:wooden_pickaxe":1,"minecraft:acacia_log":2,"minecraft:acacia_wood":1,"minecraft:porkchop":9,"minecraft:map":1,"minecraft:red_bed":1,"minecraft:raw_copper":3,"minecraft:orange_bed":1,"minecraft:white_carpet":2,"minecraft:apple":2,"minecraft:rotten_flesh":5,"minecraft:stone_axe":1,"minecraft:wheat_seeds":9,"minecraft:iron_ingot":5,"minecraft:hay_block":29,"minecraft:stone_pickaxe":1,"minecraft:bread":9,"minecraft:sugar_cane":12,"minecraft:melon_seeds":1,"minecraft:iron_sword":2,"minecraft:cobblestone":12,"minecraft:book":25},"minecraft:custom":{"minecraft:time_since_rest":35446,"minecraft:sprint_one_cm":70346,"minecraft:walk_one_cm":17594,"minecraft:damage_taken":443,"minecraft:mob_kills":6,"minecraft:drop":2,"minecraft:damage_dealt":1601,"minecraft:swim_one_cm":6821,"minecraft:interact_with_crafting_table":11,"minecraft:fly_one_cm":161414,"minecraft:open_chest":15,"minecraft:crouch_one_cm":6362,"minecraft:play_time":35446,"minecraft:sneak_time":1877,"minecraft:walk_under_water_one_cm":3381,"minecraft:boat_one_cm":594724,"minecraft:jump":779,"minecraft:interact_with_grindstone":2,"minecraft:time_since_death":35446,"minecraft:walk_on_water_one_cm":9419,"minecraft:total_world_time":35446,"minecraft:fall_one_cm":21314},"minecraft:broken":{"minecraft:wooden_axe":1},"minecraft:dropped":{"minecraft:stone_axe":1,"minecraft:birch_boat":1},"minecraft:crafted":{"minecraft:crafting_table":2,"minecraft:stick":8,"minecraft:wooden_pickaxe":1,"minecraft:birch_boat":1,"minecraft:stone_pickaxe":1,"minecraft:wooden_axe":1,"minecraft:birch_planks":24,"minecraft:stone_axe":1,"minecraft:bread":12,"minecraft:wheat":216},"minecraft:mined":{"minecraft:hay_block":29,"minecraft:birch_log":6,"minecraft:wheat":1,"minecraft:crafting_table":4,"minecraft:grass":4,"minecraft:tall_grass":3,"minecraft:stone":12,"minecraft:sugar_cane":3,"minecraft:oak_leaves":2}},"DataVersion":3337}